company_name,display_name,year,round,google_drive_link
100Plus,100Plus - 2021 - Series A,2021,Series A,https://drive.google.com/file/d/1f63czGe556v3OD6xp3R9t7PCcvp9RXLJ/view
1906,1906 - 2019 - Series A,2019,Series A,https://drive.google.com/file/d/1y2pnBSwiYPIgDXAnY4gNSBdpgf0a2RId/view
1Huddle,1Huddle - 2015 - Pre-Seed,2015,Pre-Seed,https://drive.google.com/file/d/10sngLrhK5_XRd4qTb27Nf8uCMJlRVBFh/view
43 layers,43 layers - 2015 - Seed,2015,Seed,https://drive.google.com/file/d/1-CeB66W2pLbe9yPINygfWTBoFva9VW1K/view
7bridges,7bridges - 2020 - Seed,2020,Seed,https://drive.google.com/file/d/16gWRkcA6IpGkj9tT34p15hV5uTNcIaR-/view
98point6,98point6 - 2023 - Series E,2023,Series E,https://drive.google.com/file/d/1ri8H5LUIl0r5RkgJj-1Lo9fT79d9DsSP/view
AbbeyPost,AbbeyPost - 2014 - Seed,2014,Seed,https://drive.google.com/file/d/1TLI6N8pitpnSLnUpd0u5qSru1vUy9Y2K/view
AceUp,AceUp - 2019 - Seed,2019,Seed,https://drive.google.com/file/d/1w9u76suuls1xtNkvdzlt3wS-9DZGwsGE/view
ActivityHero,ActivityHero - 2014 - Seed,2014,Seed,https://drive.google.com/file/d/1-S0w8if1qb_EhBnyu_j6SFT2B8Kd6e1H/view
Adpushup,Adpushup - 2014,2014,,https://drive.google.com/file/d/19_H5nkKEDIH03RNUi78tTZrb1EqMqatM/view
Adventure Bucket List,Adventure Bucket List - 2017 - Seed,2017,Seed,https://drive.google.com/file/d/1qNdwjkzyP8sVwVuKJPsqDtIX0IuhzfJt/view
AfterSale (formerly Send4),AfterSale (formerly Send4) - 2017,2017,,https://drive.google.com/file/d/1-6GFdh2P9oilS_RZIDSJ1Uji0WKKQ4GX/view
Agfunder,Agfunder - 2017 - Seed,2017,Seed,https://drive.google.com/file/d/1nWmZbq7CaNHfLWCur7fFCnn-lIO2YqPt/view
AI Rudder,AI Rudder - 2022 - Series B,2022,Series B,https://drive.google.com/file/d/1-cursXi53rhsx_HOXORE47FSosBRgdxe/view
AirBnB,AirBnB - 2008 - Pre-Seed,2008,Pre-Seed,https://drive.google.com/file/d/1zAjdENprfnMIkqIDfOdJeISwnqpRsvUq/view
Aircall,Aircall - 2020 - Series C,2020,Series C,https://drive.google.com/file/d/1Y05iS7Qh6aUozJm0iDQQp46lLhwDndJc/view
AirHub,AirHub - 2018 - Pre-Seed,2018,Pre-Seed,https://drive.google.com/file/d/1yGd97bfe7o4rv9m4m8LpEnwm-4FLAsGe/view
Aisera,Aisera - 2022 - Series D,2022,Series D,https://drive.google.com/file/d/18D8nes1zlzWjLy4ySzIbSqX1Qf5GMChS/view
Alan,Alan - 2020 - Series C,2020,Series C,https://drive.google.com/file/d/1Ua5n3k8-60axhw7iPLxqBErip8Y9z0OM/view
Alation,Alation - 2022 - Series E,2022,Series E,https://drive.google.com/file/d/1il_BxWojY3Y5hSG-tnL5F-5H2p3ACZz1/view
Alba,Alba - 2019 - Series A,2019,Series A,https://drive.google.com/file/d/1QZHAl7s_Vy7Az6Gl07_H9JlY7QkG_7AC/view
Albert,Albert - 2015 - Pre-Seed,2015,Pre-Seed,https://drive.google.com/file/d/1JSyy__tRQAGs0L2f-zn5R2Zl9JgZL6Az/view
AlfredCamera,AlfredCamera - 2015 - Seed,2015,Seed,https://drive.google.com/file/d/1bad4O_xNcwxvvoJBxHu9yhfcatUWcNI5/view
Alloy,Alloy - 2021 - Seed,2021,Seed,https://drive.google.com/file/d/1vQnkZHoy-bWmUmnhVXbnHLyeaYyvrR0R/view
Alluva,Alluva - 2019 - Seed,2019,Seed,https://drive.google.com/file/d/1esU8gPklzKXlMrBQboNlD_NvFZYForOp/view
Almabase,Almabase - 2018 - Seed,2018,Seed,https://drive.google.com/file/d/1ng5BwT2RA4hi01J3SZnGgcFULai_SHlw/view
Almanac,Almanac - 2020 - Seed,2020,Seed,https://drive.google.com/file/d/1wtmXtepc195NwZscCFBBvdGLuzgYvQLz/view
Almost Friday,Almost Friday - 2022 - Seed,2022,Seed,https://drive.google.com/file/d/1mtmR2wWf3pDeU48c1a6s0bHZJTxGhamV/view
Althea,Althea - 2016 - Series A,2016,Series A,https://drive.google.com/file/d/1wrlK2r2tkpp4DUjGNIQtPCS6jgf5ArqF/view
Alto Pharmacy,Alto Pharmacy - 2016 - Series A,2016,Series A,https://drive.google.com/file/d/1r7o5a2VM-LM9sCrY4BUkEsHleL4HD4MW/view
Alumnify,Alumnify - 2014 - Seed,2014,Seed,https://drive.google.com/file/d/1DqDqNWWzk_MdmSInqaGrEolN6h18Lv3e/view
Alyce,Alyce - 2017 - Seed,2017,Seed,https://drive.google.com/file/d/1mqYXuBGcbn7xQBXGBVjC5PMChqK8g5NT/view
Amagi,Amagi - 2022 - Series F,2022,Series F,https://drive.google.com/file/d/17-F8TVg6Yusd-gl8eYppuYhb6uxpN6If/view
Amify,Amify - 2019 - Series A,2019,Series A,https://drive.google.com/file/d/1Gffwnr9nvrsIUMrMdOqrzkosDESrUhdl/view
Amixr,Amixr - 2020 - Seed,2020,Seed,https://drive.google.com/file/d/1NqFSwRLX9kj9vht5BHsdHHY4PnoD49pa/view
AMPAworks,AMPAworks - 2019 - Pre-Seed,2019,Pre-Seed,https://drive.google.com/file/d/13P5Ud_fjXeE3n7vkpJViNyRXK5KedsUl/view
Angelcam,Angelcam - 2014 - Seed,2014,Seed,https://drive.google.com/file/d/1lA7GODdUz11sZfa6pjkkM4RQbcXJaOdf/view
AppBind,AppBind,,,https://drive.google.com/file/d/19L2UUO848k9bLqNHgikDEgLq6a4mmtR8/view
AppNexus,AppNexus - 2007 - Seed,2007,Seed,https://drive.google.com/file/d/1ooj5Tg9jMhEM9gCXtWf_UQhFLsBCd9Zi/view
Apptite,Apptite - 2017 - Seed,2017,Seed,https://drive.google.com/file/d/1W112hAQoPpNSf2RlEy3Rf6uWMHidaDLi/view
Apptopia,Apptopia - 2018 - Series A,2018,Series A,https://drive.google.com/file/d/1YVh3lY3FQGDXwgQSM33SoJFS_XxyNn1r/view
AppVirality,AppVirality - 2015 - Seed,2015,Seed,https://drive.google.com/file/d/12_PR1m5r7sOm2vmA2bcmlP-NVoJYIoS9/view
Apricity,Apricity - 2019 - Series A,2019,Series A,https://drive.google.com/file/d/1N5rGZ95ooXgR5R5ySMR9_g1kaR62TWTq/view
Apteo,Apteo - 2019 - Pre-Seed,2019,Pre-Seed,https://drive.google.com/file/d/1RmHt2nq98XUDOc8rHvvgV9sAjRMe2sF5/view
ArangoDB,ArangoDB - 2019 - Series A,2019,Series A,https://drive.google.com/file/d/15vEGyfarskkzvkKVp2OygjdWTzueMXyb/view
Arcus,Arcus - 2019 - Series A,2019,Series A,https://drive.google.com/file/d/11b4ri6vPkPcbnMBPw9tbiIA0Ij8Jdwah/view
Ark Kapital,Ark Kapital - 2022 - Series A,2022,Series A,https://drive.google.com/file/d/1tYuIzaSR_y-_H81l_ayjAbZlvLosexJP/view
Arrcus,Arrcus - 2019 - Series B,2019,Series B,https://drive.google.com/file/d/1mOHVmu05xnNXDg7vN78p3uOMFsNSBSqG/view
ArtCorgi,ArtCorgi - 2014 - Seed,2014,Seed,https://drive.google.com/file/d/1qe_0U8O0dZQE45xL18vWBQHKQOrT_Hog/view
Ascend.io,Ascend.io - 2017 - Series A,2017,Series A,https://drive.google.com/file/d/1Mk6pOLJBA0Xe4CBVMs_qlvCiJK4WUcgM/view
AstroPrint,AstroPrint - 2015 - Seed,2015,Seed,https://drive.google.com/file/d/14NfiAoTz_kcAgSz_sggmTnIOZq1JGa9g/view
Atexto,Atexto - 2019 - Seed,2019,Seed,https://drive.google.com/file/d/18fEK6WyM3qygsXmKKCpRLg4WbrS4rL6-/view
AtoB,AtoB - 2021 - Series B,2021,Series B,https://drive.google.com/file/d/1JOcfwbI3KWsjAddsCYIMwIdieRkEd3wP/view
Atomwise,Atomwise - 2020 - Series B,2020,Series B,https://drive.google.com/file/d/18pSq2uuHJrfb3YoLD2M4h8b0u88sVLXe/view
Auctio,Auctio - 2016,2016,,https://drive.google.com/file/d/1-K9X1IZLVKhtFanfXuHH8xwhHgGRx3Hh/view
Aumet,Aumet - 2020 - Seed,2020,Seed,https://drive.google.com/file/d/1QvgkxusnyoIIbMOn1Ow-H5tFqhNarAbj/view
Authoritive,Authoritive - 2021 - Seed,2021,Seed,https://drive.google.com/file/d/1WKvetKD7PWz3SrPAY2iNJdASVbTzatQ9/view
Avision,Avision - 2018 - Seed,2018,Seed,https://drive.google.com/file/d/1eblzkVD-qHUsvej38qddXNsbZsarvB-V/view
Awake Security,Awake Security - 2020 - Series C,2020,Series C,https://drive.google.com/file/d/1kc-uFSzuSf05QQzTTIddzTsbk8thGf_T/view
Awesome People Ventures Fund 2,Awesome People Ventures Fund 2 - 2021,2021,,https://drive.google.com/file/d/1s4VNj5to7dOh7nEVr-a9QQVgCmKUmzEF/view
B Great,B Great - 2020 - Seed,2020,Seed,https://drive.google.com/file/d/1TwdZba6SuGma44rH62JqnSJyMEyIfNhF/view
Baby Sparks,Baby Sparks - 2019 - Seed,2019,Seed,https://drive.google.com/file/d/1pxkcJJQX-okTGKC825Olc1MasIyCAbB1/view
Baby2Body,Baby2Body - 2017 - Seed,2017,Seed,https://drive.google.com/file/d/1ABYNG5XEVfvyTi6jY9r3pBffIvo4hSi9/view
Babylist,Babylist - 2013 - Seed,2013,Seed,https://drive.google.com/file/d/16iTAJKgCmszTrUteSYYfwuJQMwlmL9Cl/view
Back Office,Back Office - 2019 - Seed,2019,Seed,https://drive.google.com/file/d/1H9YJadOgkh0Y7GUjFt2TV0KqaT73W5iR/view
Backbone,Backbone - 2019,2019,,https://drive.google.com/file/d/1j5ibBkhtT1Wfp7yi9jshZ6W5FmYqEgJ_/view
Backbone,Backbone - 2022 - Series A,2022,Series A,https://drive.google.com/file/d/1htKfINuDDahD-T0yyCoPaRN2K8hxWUc-/view
Backstartup,Backstartup - 2020 - Seed,2020,Seed,https://drive.google.com/file/d/1rcJytJRtdOG_zyXsJJdVok9ljbUPG3Ru/view
Baker Technologies,Baker Technologies - 2016 - Seed,2016,Seed,https://drive.google.com/file/d/1-8Hsrm49s3OYZ6PnWQZvkbMmn_fR-ubK/view
Barcoo,Barcoo - Seed,,Seed,https://drive.google.com/file/d/1fdyiDSRyZfZDO_jk8KFt1lbyFtnNVp6o/view
Barn and Willow,Barn and Willow - 2017 - Series A,2017,Series A,https://drive.google.com/file/d/15MDuZG6qO6QldTwYSMDtI9ISyzu1T9Ac/view
Beacon Pines,Beacon Pines - 2022,2022,,https://drive.google.com/file/d/19tb1LOds166m3BbhSI7_Kny11fqFd9DH/view
Beatdapp,Beatdapp - 2019 - Seed,2019,Seed,https://drive.google.com/file/d/185o5X3BB2ECryF0pEnuOCAUSfWkbb_ym/view
BeautyDate,BeautyDate - 2016 - Seed,2016,Seed,https://drive.google.com/file/d/1cuEjuBEzZh9bB5vqs8ZeN8pXU7cjt8ac/view
Beeketing,Beeketing - 2015 - Seed,2015,Seed,https://drive.google.com/file/d/1fptAEuIe3MkdORqZ2meH_sIGPwpj58a3/view
Belgian Boys,Belgian Boys - 2022 - Series A,2022,Series A,https://drive.google.com/file/d/1K06vVB_Nku-Aj_i7ciicUJNGNsK5JHuS/view
Bellwethr,Bellwethr - 2019 - Seed,2019,Seed,https://drive.google.com/file/d/1K52qNQw13COICrfBoVdO-T3X7S1Y4qpU/view
Ben Revo,Ben Revo - 2017 - Seed,2017,Seed,https://drive.google.com/file/d/11Fs8WWCzFazzeMb-m4uTGZC4Z7K6cCmM/view
Bento,Bento - 2015 - Seed,2015,Seed,https://drive.google.com/file/d/1sq-XlpTdnrG-XsOWf0febtMk3-q6WdjQ/view
Bid Away,Bid Away - 2016,2016,,https://drive.google.com/file/d/1RnqEAiIdUxnkRIvg_hwrYEmpvwbXj-ah/view
BigControls,BigControls - 2016 - Seed,2016,Seed,https://drive.google.com/file/d/1Gj8TEkbXNItPHb-Xp9P3HZskiBfGMgPp/view
Bill Trim,Bill Trim - 2017 - Seed,2017,Seed,https://drive.google.com/file/d/116wT5QMGE0nB1OztPPk75oS7DKlAC3t3/view
Bind,Bind - 2018 - Series A,2018,Series A,https://drive.google.com/file/d/1La6Dl2B6B6Qkm_LMNTAOsgOj8t6c_USA/view
Binpress,Binpress - 2013 - Seed,2013,Seed,https://drive.google.com/file/d/1T7tYxC7tuU6LE135Sn1lVvq4HfIDjH1U/view
Biogrify,Biogrify,,,https://drive.google.com/file/d/1-5fvKP05XykMh9_0DfE6BBsU6FHhbPAs/view
Biomarker Labs,Biomarker Labs - 2017 - Seed,2017,Seed,https://drive.google.com/file/d/1plgFJITOC9wWYxPoAKpC9iVqZTV5hXuT/view
Bioshock,Bioshock - 2002,2002,,https://drive.google.com/file/d/1a9k44SRv7N2Sa8FapjWrqSIUsSgD0Vpl/view
BlaBlaCar,BlaBlaCar - 2016,2016,,https://drive.google.com/file/d/1BrsLbJP-D-SXpqJ5puEyf4z-nLf1j7Fg/view
Bliinx,Bliinx - 2020 - Pre-Seed,2020,Pre-Seed,https://drive.google.com/file/d/1QVzne9TPqTpGWxHvDhuJhPLKlvkeM0QY/view
Bliss.ai,Bliss.ai - 2015 - Seed,2015,Seed,https://drive.google.com/file/d/1ChKIcVUjN6CMFTwQCKE3Gg3QTbcDllIr/view
Blue Apron,Blue Apron - 2015 - Series D,2015,Series D,https://drive.google.com/file/d/1I3u7vhddFd8MztInv56TNeiGSkjQnmMs/view
Blue Studios,Blue Studios - 2019 - Pre-Seed,2019,Pre-Seed,https://drive.google.com/file/d/1WRc59LBhHXofQRITbU1ErlJYS63JYXFc/view
Blue Wire,Blue Wire - 2020 - Pre-Seed,2020,Pre-Seed,https://drive.google.com/file/d/1oj_ZWVhXsOtIcjtuUqR_fHRlzHEbmf2P/view
Blueboard,Blueboard - 2020 - Series A,2020,Series A,https://drive.google.com/file/d/131IGoLnSPMO8lAp0VQwiVbz_7FBLPznp/view
BlueOcean,BlueOcean - 2022 - Series B,2022,Series B,https://drive.google.com/file/d/155UiTBHhYxRS_d6brp0zzJ2JCZgj8lSH/view
Blurbiz,Blurbiz - 2016 - Seed,2016,Seed,https://drive.google.com/file/d/1ruCaspA_F0RPOw6Vf51T_qgyOc5L21kg/view
Bohemian Guitars,Bohemian Guitars - 2014 - Seed,2014,Seed,https://drive.google.com/file/d/1kP79DEiEQUU9KwotkrYsxU6OMeMX7oUU/view
Bolt,Bolt - 2021 - Series D,2021,Series D,https://drive.google.com/file/d/189W7CctiWW9VZasQEau0sRuFrsDCrIvy/view
Bonyu,Bonyu - 2019,2019,,https://drive.google.com/file/d/17xN30G7MUtAAK8q_V76jE7VKBPnva0IZ/view
Book.Stay.Go,Book.Stay.Go - 2015 - Seed,2015,Seed,https://drive.google.com/file/d/1FO5ILWuK82uxM7P-FySnJPNlyKn1gSiZ/view
Boon,Boon - 2015,2015,,https://drive.google.com/file/d/1jR5Sy5nie5xdGF8U0OWkKKQMJrhLl2Uh/view
Botsociety,Botsociety - 2017 - Seed,2017,Seed,https://drive.google.com/file/d/1v_DjKXnYcx_SwoqQhQGQDA1Xk3sVvqa9/view
Bottles Tonight,Bottles Tonight - 2015 - Seed,2015,Seed,https://drive.google.com/file/d/1HqxKW3WB7eFFcgn2wbau58smPB894Bq5/view
BOXC,BOXC - 2013 - Seed,2013,Seed,https://drive.google.com/file/d/1-Zuyv_YMRSOlgFRlVNzqretDOsZp25ye/view
Boxcryptor,Boxcryptor - 2012 - Seed,2012,Seed,https://drive.google.com/file/d/1rujAPxv1RxSCArqFMV8aQ0rhLC9IquaD/view
Branch,Branch - 2022 - Series C,2022,Series C,https://drive.google.com/file/d/1sauqooU81B7udPNK1nsF46n6pHuRnGVZ/view
Brewpublik,Brewpublik - 2015 - Seed,2015,Seed,https://drive.google.com/file/d/16HncjLQjik8TO0Jd4rqTww3tQD5R2whI/view
Brex,Brex - 2018 - Series B,2018,Series B,https://drive.google.com/file/d/1GLF-9MrNg3kTgxLfA0wSBZde3utkBWOm/view
Bridge US,Bridge US - 2014 - Seed,2014,Seed,https://drive.google.com/file/d/10JziOpAKvsdqIXjoYIwy1fhWNdcTE_-b/view
Bright.md,Bright.md - 2020,2020,,https://drive.google.com/file/d/19WrRti-VOF_2DrfatP1xAHLBYnaH7CSQ/view
Bstow,Bstow - 2017 - Seed,2017,Seed,https://drive.google.com/file/d/1Flvk2x_Ae_p5gHNGWXOWlT9wNDhBgfRV/view
Bubble,Bubble - 2021 - Series A,2021,Series A,https://drive.google.com/file/d/1V0rBzOYX4Ufua6IV-AurJPutVrD9pHcv/view
Buffer,Buffer - 2011 - Seed,2011,Seed,https://drive.google.com/file/d/1RpzKlaxQf5PmeJTX-ul7fkaoDVn0rarv/view
Buildcon,Buildcon - 2015 - Seed,2015,Seed,https://drive.google.com/file/d/1x7L7idCTmta4QU9mZ_RuGKN5aEy1O_2h/view
Burner,Burner - 2013 - Series A,2013,Series A,https://drive.google.com/file/d/1RjFyWn201XCK5HXLVwS8W4xYnKsHo23l/view
Butlr,Butlr - 2020 - Seed,2020,Seed,https://drive.google.com/file/d/1BWe5KOKuMWmjpsiDty8heCHP7ptgHP6B/view
Button City 2018,Button City 2018 - 2018,2018,,https://drive.google.com/file/d/1XqBYIEftlT--a9BB9ML-NTsgjihAanKv/view
Button City 2020,Button City 2020 - 2020,2020,,https://drive.google.com/file/d/10lM6DsTGZMc_6iVK0TGzxSwxmMOhJlZW/view
Buzzfeed,Buzzfeed - 2008 - Series A,2008,Series A,https://drive.google.com/file/d/1nCGEk-vb0AV6Ai-Nq0VFMU1QETau5Hf7/view
Bytez,Bytez - 2019 - Pre-Seed,2019,Pre-Seed,https://drive.google.com/file/d/1wQ97wuf2HrsvvEzbpVLJ4TrxaOsxBjM5/view
Cadence,Cadence - 2020 - Seed,2020,Seed,https://drive.google.com/file/d/1lrJMBKeGL4lAa5qa8hfYbcxbeHZ_xw-L/view
Calaxy,Calaxy - 2022,2022,,https://drive.google.com/file/d/19QoXZUs_4p79e4sES54FEyVhZn-ShXjg/view
Canary Technologies,Canary Technologies - 2022 - Series B,2022,Series B,https://drive.google.com/file/d/1ya1IA1IOy81kAoM3KDxHKZAeA0EtJfna/view
Canix,Canix - 2020 - Seed,2020,Seed,https://drive.google.com/file/d/1WU4VpTcwNbp7OCTvz2GsAOB4o3nYCoiz/view
Canndescent,Canndescent - 2016 - Series A,2016,Series A,https://drive.google.com/file/d/1gNOgbFN7bITsxMvO8jDy12ZT1DNUU3VR/view
Canva,Canva - 2015 - Seed,2015,Seed,https://drive.google.com/file/d/1zBiGqACcEGV_5yAunxy5aKJmo076FrU-/view
Capacity,Capacity - Series B,,Series B,https://drive.google.com/file/d/17Mw4w_p1HBtx1HIViMRlwctDRoNDKgD2/view
Cardlife,Cardlife - 2017 - Seed,2017,Seed,https://drive.google.com/file/d/1NlsMlXzAtWsh70oYRfZMWxRTsqqkPnAg/view
Careem,Careem - 2013 - Seed,2013,Seed,https://drive.google.com/file/d/1Ll0oMREDEwPfmPkKdbCWcZp-STcOU_n8/view
Careerist,Careerist - 2023 - Series A,2023,Series A,https://drive.google.com/file/d/1YbpKam7IWgFVpt_82szwxkbBy6KiHg0H/view
CareLuLu,CareLuLu - 2014 - Seed,2014,Seed,https://drive.google.com/file/d/1HUF4D1j6IU4Rm8Fo08cjksXyO9_poYpR/view
Carrum Health,Carrum Health - 2023 - Series B,2023,Series B,https://drive.google.com/file/d/1QoXWXm4L3zJUEbCq0d2-wQ_JcDNpG9NS/view
Carta,Carta - 2015 - Series A,2015,Series A,https://drive.google.com/file/d/1RB2l_rgeJPKlgkOMjiNKciTWz5eZWpo9/view
Castle,Castle - Pre-Seed,,Pre-Seed,https://drive.google.com/file/d/1m_2mZ4lxJWVPEsmO6ls7X_o6q4fEGd8o/view
Catnip,Catnip - 2014 - Seed,2014,Seed,https://drive.google.com/file/d/1UhcaU3LoJr6XIVL0F3x3Xg-nNYqgsNP1/view
Cedar,Cedar - 2020 - Series C,2020,Series C,https://drive.google.com/file/d/1P-muMh6HsYVD0S5fbdEfWgtGo5gl6fD3/view
Celer Network,Celer Network - 2019 - Seed,2019,Seed,https://drive.google.com/file/d/1Us1rYEtBvE3nnaRn1c6WC7qUJqlLvLwD/view
CellBreaker,CellBreaker - 2015,2015,,https://drive.google.com/file/d/1hvyVTiQeEzy6qgk1fAu8aBlVXSCtHnF9/view
CenOS,CenOS - 2020 - Pre-Seed,2020,Pre-Seed,https://drive.google.com/file/d/1fevXWjBWxJCTkxwkq4bMsw2WhufChfL0/view
ChangeJar,ChangeJar - 2017 - Seed,2017,Seed,https://drive.google.com/file/d/1NbEdEdVsYERpGnWPYMujZ1ZtGQ4K_ega/view
Chartmetric,Chartmetric - 2021 - Seed,2021,Seed,https://drive.google.com/file/d/1gLaortOoR9qApLBL0H6_rj8MZfMJexir/view
Chatter Research,Chatter Research - 2017 - Seed,2017,Seed,https://drive.google.com/file/d/1TkaUDwPVACoR2O9-TV-KHScYe3ZrwKIo/view
ChattingCat,ChattingCat,,,https://drive.google.com/file/d/1joWaIwCSHp1o44H1QcsEWe7sNJSF48Kn/view
CheddarUp,CheddarUp - 2017 - Series A,2017,Series A,https://drive.google.com/file/d/1077hdcIehAfbj4eOTdiwwbSpcgkCfBQF/view
Chefs for Seniors,Chefs for Seniors - 2016 - Seed,2016,Seed,https://drive.google.com/file/d/185uH1H-7J6tBjCGKIT1xDAVTL7V862XH/view
Chewse,Chewse - 2013 - Seed,2013,Seed,https://drive.google.com/file/d/1M6eulkqUTu256Co48sQn4TX09VMEXHNw/view
Chipper Cash,Chipper Cash - 2020 - Series B,2020,Series B,https://drive.google.com/file/d/1Tmng_abTTjbdE9M5-_o72NiquZkwGIPm/view
Cirrus Identity,Cirrus Identity - 2016 - Seed,2016,Seed,https://drive.google.com/file/d/1Nk1iY2BXzPR5l6A2QA5lNwndMADHwOGL/view
Claap,Claap - 2022 - Seed,2022,Seed,https://drive.google.com/file/d/1145rYhpb9VrMVb8k3ssCHd-7lC_Bs9MY/view
Cladwell,Cladwell - 2017 - Seed,2017,Seed,https://drive.google.com/file/d/17VtORNmXPDosIQ6XPhJH-8odmK9s6bn6/view
Claim Compass,Claim Compass - 2019 - Seed,2019,Seed,https://drive.google.com/file/d/1Qk3WjMjufJt5oFPl5ETDVLcBf_GcjFx-/view
Clanbeat,Clanbeat - 2019 - Seed,2019,Seed,https://drive.google.com/file/d/1cpBrMlVHIIj-VJvkqYAB6e9J6jDtioDH/view
Clarity,Clarity - 2014,2014,,https://drive.google.com/file/d/1jbexeuq_rm2nH-kLeMKsQLi6E1zH5tUe/view
Clearbanc,Clearbanc - 2018 - Series A,2018,Series A,https://drive.google.com/file/d/1j2qBW81lCZLF3ICZ4CmwlN76jH_ERvzr/view
CloudAcademy,CloudAcademy - 2014 - Seed,2014,Seed,https://drive.google.com/file/d/1MZcXxWYZ487aTbhGilAqetV-ITgD-no8/view
CloudCoffer,CloudCoffer - 2017 - Seed,2017,Seed,https://drive.google.com/file/d/1KPLECULRKlM-aV5sAm2zqSfyuT1eyq37/view
Cloudera,Cloudera - 2008 - Series A,2008,Series A,https://drive.google.com/file/d/1hTDmz8m4XOX19jTpxTN_R6ViQI5s68_e/view
Cloudian,Cloudian - 2018,2018,,https://drive.google.com/file/d/1DckDt6dGdzKcom99m0KFsaO4xIvP6g4e/view
Clowder,Clowder - 2020 - Seed,2020,Seed,https://drive.google.com/file/d/1-Wj27HFIho9w9lFBoVHZuK7jOAV9vPkW/view
CoachMarket,CoachMarket,,,https://drive.google.com/file/d/1HN5RZghB6-wzV7_1RTS0lnvuDD3X8agu/view
Codec,Codec - 2018 - Seed,2018,Seed,https://drive.google.com/file/d/1fNaO8MeAp1y90drV5FBDnWLBEBH8R8wP/view
Coinalytics,Coinalytics - 2015 - Seed,2015,Seed,https://drive.google.com/file/d/188WhIxUzHNG36hL9adpduZahWSkkP_Gu/view
Coinbase,Coinbase - 2012 - Seed,2012,Seed,https://drive.google.com/file/d/1nPIpJWUTV3ITpCAhJMFXgvskSpRmlEZK/view
CoinPip,CoinPip - 2014 - Seed,2014,Seed,https://drive.google.com/file/d/1Vv3g6ednNx_9v22d0iO1_sKTcrGjlner/view
Concert With Me,Concert With Me - 2015 - Seed,2015,Seed,https://drive.google.com/file/d/188nXzJVBwgsATMkNAlENtLqPvmlL38u7/view
Connected Analytics (ThankUCash),Connected Analytics (ThankUCash) - 2018 - Pre-Seed,2018,Pre-Seed,https://drive.google.com/file/d/1ITwPUhGILMWawJokeSVa4mgkxuxzL5m_/view
Connected2me,Connected2me - 2014 - Seed,2014,Seed,https://drive.google.com/file/d/1-qQlKWOHxxpip5VzoySLhzi1aVGSc7Ct/view
Contently,Contently - 2014 - Series B,2014,Series B,https://drive.google.com/file/d/1al75UPZq6gwomj4PM26tprNzBEe0qQbw/view
Contentools,Contentools - 2015,2015,,https://drive.google.com/file/d/1kG4i-0H5HFvyamja-et_Ef9BGMZKfhE-/view
Cooleaf,Cooleaf - 2016 - Seed,2016,Seed,https://drive.google.com/file/d/1YZKmEKHY4Xtjdtm08mBAilbu7-xkRFuR/view
Copper Cow Coffee,Copper Cow Coffee - 2018 - Seed,2018,Seed,https://drive.google.com/file/d/1gUhnxNZvgIDDZ3Qsh52giR2SnRawrSy0/view
Copy.AI,Copy.AI - 2021 - Series A,2021,Series A,https://drive.google.com/file/d/1rSOeVmNwlvbai6DP0F7Q4yXZimE4Up_q/view
Courtbuddy,Courtbuddy - 2018 - Series A,2018,Series A,https://drive.google.com/file/d/1pC4So_OJjJa9y6WaCVrq3jKoz4XCa2CL/view
Crash,Crash - 2019 - Seed,2019,Seed,https://drive.google.com/file/d/1gCfpcx-tzX1i63CjMMPOyYBdjfwP0xus/view
Credit Stacks,Credit Stacks - 2018 - Seed,2018,Seed,https://drive.google.com/file/d/1eO-vBjMaTouH0s6SKjeQITc2Ve3T1KTp/view
Crema,Crema - 2015 - Seed,2015,Seed,https://drive.google.com/file/d/1aAmbUBXquSrygV86OEW7uIm6U1_gQuc3/view
Croissant,Croissant - 2016 - Seed,2016,Seed,https://drive.google.com/file/d/1gb-TauB_D90xUTHBIg_-t2Izdh1a70Ze/view
Croma.io,Croma.io - 2017 - Pre-Seed,2017,Pre-Seed,https://drive.google.com/file/d/18W9BSmDddxeQGkt8h66_kN17-_biSk-M/view
Crossbeam,Crossbeam - 2020 - Series A,2020,Series A,https://drive.google.com/file/d/1BpEEa9_dBxStEUYQ8xl1h0LVOUj588mj/view
Crowdbotics,Crowdbotics - 2022 - Series A,2022,Series A,https://drive.google.com/file/d/16M58rnlXWvhqD3yojAJhwbpz1gLMiE6o/view
CrowdPlat,CrowdPlat - 2018 - Seed,2018,Seed,https://drive.google.com/file/d/1AfsCZ--1gJftYCrWPmTEuPCIH2qvmS0j/view
Crowdz,Crowdz - 2020 - Series A,2020,Series A,https://drive.google.com/file/d/1cSOuPxz3g0RkLdk0bi9KiarOK43wnv69/view
Crunchbase,Crunchbase - 2019 - Series C,2019,Series C,https://drive.google.com/file/d/17Y_srnkYkg3vA7EIcVEJWYh3iYPa6CDy/view
Cryptomover,Cryptomover,,,https://drive.google.com/file/d/1BTwH6-MnTSsnfJUhaDMibZ1fJaElabmh/view
Curie,Curie - 2018,2018,,https://drive.google.com/file/d/1arjbngpyPl9sr0PIp2FB_CV33sVK49z3/view
Curio.io,Curio.io - 2020 - Series A,2020,Series A,https://drive.google.com/file/d/1mTAQPUCXgZAdVkq0_y_xKncnqV_YDufQ/view
Curious Hat,Curious Hat - 2012 - Seed,2012,Seed,https://drive.google.com/file/d/15VNFj3f0P0CpxmVucvz_JjzWgZdkL1v9/view
Cyclica,Cyclica - 2020 - Series B,2020,Series B,https://drive.google.com/file/d/1h9Z5mAD5qFAPsgMC76O9nqp18LaeJ576/view
Dakwak,Dakwak - 2013 - Seed,2013,Seed,https://drive.google.com/file/d/1v5PCnA9s5P4ycJ0TB6We_ddXigHg0edL/view
Dandelion Energy,Dandelion Energy - 2022 - Series B,2022,Series B,https://drive.google.com/file/d/1RzH_L2PCggwMrcphW0Dmvnfggb7yWkb6/view
Databook,Databook - 2020 - Seed,2020,Seed,https://drive.google.com/file/d/1ZCn5-3yYqgro5rcNAVAGHKQVGx6u4lt6/view
Databricks Series A,Databricks Series A - 2013 - Series A,2013,Series A,https://drive.google.com/file/d/12oYY69DGAVlYCtMMEQeGVoxUHRCSbXVl/view
Databricks Series D,Databricks Series D - 2017 - Series D,2017,Series D,https://drive.google.com/file/d/1-iHKOla4l3oCWmlk8ixfZCVSDyK2cG0x/view
DataCulture,DataCulture - 2017 - Seed,2017,Seed,https://drive.google.com/file/d/1fAF_kRwGAloMPNeaOlHJu-EL3YCxvqa6/view
Datasembly,Datasembly - 2020 - Series A,2020,Series A,https://drive.google.com/file/d/1Rk095tDbNXrXYZJ2-aCP-EzC9Q6WBdBe/view
DataTron,DataTron - 2020 - Seed,2020,Seed,https://drive.google.com/file/d/1gt3wMamBQ5Eel7ygDTEsJhbfMCBSYTyu/view
DCHQ,DCHQ,,,https://drive.google.com/file/d/1_MuT0KQFc8uoWghUkNNeGUgH3GLKbP_d/view
DealFlicks,DealFlicks - 2015 - Seed,2015,Seed,https://drive.google.com/file/d/1MrXAvwOEY2_fD0bvjLBR1-bK6cCaKHMm/view
Decisive Health,Decisive Health - 2015 - Seed,2015,Seed,https://drive.google.com/file/d/1MiIxRDTGZAKrZMfWOJM7KUNP6btubkeO/view
Deepgram,Deepgram - 2016 - Seed,2016,Seed,https://drive.google.com/file/d/1hXT3qdFvrTfX0fUYDme9pYRkwiTIoiow/view
Diablo,Diablo - 1994,1994,,https://drive.google.com/file/d/1JUifTcnAaPdVEMRLP904cx2WKgxtu09a/view
DigitalOutposts,DigitalOutposts - 2017 - Seed,2017,Seed,https://drive.google.com/file/d/1fsGzag2n-PDLxma3Cfcf2YBeb88u6pl-/view
Dispatchr,Dispatchr - 2019 - Seed,2019,Seed,https://drive.google.com/file/d/1LG7HjKfgXvbMK8CGv8cGxxh6AjdnlpXp/view
Divvy Homes,Divvy Homes - 2019 - Series A,2019,Series A,https://drive.google.com/file/d/1kJnCe2xv1gX96eT64MLHudJx2k3ftSqM/view
DivyCloud,DivyCloud - 2019 - Series B,2019,Series B,https://drive.google.com/file/d/12tp4iq7zSI1F3e66LReaxK0Ak5K0dk_g/view
DocSend,DocSend - 2013 - Seed,2013,Seed,https://drive.google.com/file/d/1BunnklRqT2XjnOS5_hQLgFCcslomtUBq/view
Doordash,Doordash - 2013,2013,,https://drive.google.com/file/d/1PMrc4L2g8xHje_LhZXsy6e3IMAmxynRI/view
Dropbox,Dropbox - 2007 - Pre-Seed,2007,Pre-Seed,https://drive.google.com/file/d/1T3ooczxmBxkD9mec7vAHoaSzlvH3IIpS/view
Dropifi,Dropifi - 2013 - Seed,2013,Seed,https://drive.google.com/file/d/1a2fdm-lRvjcREiaD00nzt0iJZuaDplAB/view
Dutchie,Dutchie - 2020 - Series B,2020,Series B,https://drive.google.com/file/d/1aN8CofymVcRp1pmXPP6MoAncpDkXtQdR/view
Dv01,Dv01 - 2019 - Series B,2019,Series B,https://drive.google.com/file/d/1DmyClk5K-l9uaEAqVaZZuAPbTvtlPryF/view
Dwolla,Dwolla - 2013 - Series C,2013,Series C,https://drive.google.com/file/d/1ZAX4Pv1bmv37UkWHT1XTqhmOhy0BWVwa/view
EADBOX,EADBOX - 2017,2017,,https://drive.google.com/file/d/1O2I5zYbBEvQ1x4nnHlvMwkVhN0gl08dv/view
Earl Grey Capital Fund II,Earl Grey Capital Fund II - 2022,2022,,https://drive.google.com/file/d/1pbUTMbVrHWDXN6VSZ8CePNnjWJoVTJ8c/view
Easy Ten,Easy Ten - 2015 - Pre-Seed,2015,Pre-Seed,https://drive.google.com/file/d/1oKm42OXwYfTZb5Up68zrloPEbofxaOr-/view
"Eat Just, Inc. (formerly Hampton Creek)","Eat Just, Inc. (formerly Hampton Creek) - 2013 - Series A",2013,Series A,https://drive.google.com/file/d/1COCfuw1N7bx4rz8sLtZ1o4jmjo37E8Cv/view
Eaze,Eaze - 2020,2020,,https://drive.google.com/file/d/1rPzB88MFI7B2mO3-ZVvewR49LiuxJJdg/view
Edfa3fly,Edfa3fly - 2017 - Series B,2017,Series B,https://drive.google.com/file/d/10fX4roAIy5vvD6MINAw89yfNxRSK3a4P/view
Eino,Eino - 2019 - Pre-Seed,2019,Pre-Seed,https://drive.google.com/file/d/1OrYSkAKADQXwRG2U4QFaVgAGACohyeFH/view
Elwafeyat,Elwafeyat - 2014 - Seed,2014,Seed,https://drive.google.com/file/d/1ememLF_OUaQbZLT9X-2JyhDPlpW5EKv2/view
ELXR,ELXR - 2018 - Seed,2018,Seed,https://drive.google.com/file/d/1nYhoY62B1LFVIduS6mQ_C7QdalA8BmVJ/view
Elyse28,Elyse28,,,https://drive.google.com/file/d/1euIVYBQbfH7bPHjMnliTPA1fr1CeGqKo/view
Encore Alert,Encore Alert - 2013 - Seed,2013,Seed,https://drive.google.com/file/d/1rp7P2mxZZFJvHLRV0OjLzF445DonKJAC/view
EnvoyNow,EnvoyNow - 2016 - Seed,2016,Seed,https://drive.google.com/file/d/1vh7JSdtJtDwN3pt0a-lUthIz4wUSWZWy/view
Equipboard,Equipboard - 2013,2013,,https://drive.google.com/file/d/1TZ5lIL3M3xwUtfMU6oztWRaPa4IKO1r-/view
Equity Sim,Equity Sim - 2017 - Series A,2017,Series A,https://drive.google.com/file/d/1dr3YixPcHGnc1HxPL9ofqt9KWhwLNm0X/view
EquityBee,EquityBee - 2020 - Series A,2020,Series A,https://drive.google.com/file/d/1pcRimSWWw4dlkfdRRAydOpWKN-40SvzX/view
Ethic,Ethic - 2019 - Series A,2019,Series A,https://drive.google.com/file/d/1KQREyEXAztoZLiyND8ciGxKpyyHPTkti/view
EventX,EventX - 2017 - Seed,2017,Seed,https://drive.google.com/file/d/1bfyM96PD_5hA4zxDioNwsDykpsjoQoEb/view
Everbill,Everbill - 2012 - Seed,2012,Seed,https://drive.google.com/file/d/1hEHM2BKpqPlHo3Q0NibVUgxlKRo1WuUX/view
Everside Health,Everside Health - 2022,2022,,https://drive.google.com/file/d/1ppNqjV6QDwWt3CTSLlDkO8OdNrtK0bHj/view
Eyes On Freight,Eyes On Freight - 2015 - Seed,2015,Seed,https://drive.google.com/file/d/1Ri3wCmvkbP0CIYLtdhVvSdlu3dunRojh/view
EZ Farming,EZ Farming - 2019 - Seed,2019,Seed,https://drive.google.com/file/d/1tDt2v8lnM3hRY_6cfgn50FPpvO2Om5tp/view
Facebook,Facebook - 2004,2004,,https://drive.google.com/file/d/1fD2oGMdMC8NxSGxGzJeN9o60Luat5Kok/view
Faception,Faception - 2016 - Series A,2016,Series A,https://drive.google.com/file/d/1Oo_C-dKMY8xqknyTzOthGz_FADLGsA07/view
Factory Four,Factory Four - 2018 - Series A,2018,Series A,https://drive.google.com/file/d/14-RDWdwfjE3yoISyjDrL9PIGT1p4-UQD/view
FairFleet,FairFleet - 2015 - Pre-Seed,2015,Pre-Seed,https://drive.google.com/file/d/1uIujQa1osAC9ZgMpm80xl_1Rs2dRufYX/view
Fala Freud,Fala Freud - 2018 - Series A,2018,Series A,https://drive.google.com/file/d/1N4Plyd56lm7VcDBu-4mLNqglixqG7H69/view
Fan Stream,Fan Stream - 2016 - Seed,2016,Seed,https://drive.google.com/file/d/1aZApHXTuw3ApEQUmUtilA8dD7Y3y8FtM/view
Fanatiz,Fanatiz - 2020 - Series A,2020,Series A,https://drive.google.com/file/d/1C2pTj_vyWOqDK8tBZKKvWL1SRzWh9edH/view
Farewill,Farewill - 2020 - Series B,2020,Series B,https://drive.google.com/file/d/10sco247T-YPSI3sy_ZX4QaZYzQyuKKvL/view
Feast,Feast - 2013 - Seed,2013,Seed,https://drive.google.com/file/d/1KRvHFk4mr_6N8puo-6lpTvbEpSLCmGf_/view
Feesheh,Feesheh - 2014 - Seed,2014,Seed,https://drive.google.com/file/d/1cu6uoz71iPWf04pRMSsK76kfEu5ENqVw/view
Fight Camp (Hykso),Fight Camp (Hykso) - 2015 - Pre-Seed,2015,Pre-Seed,https://drive.google.com/file/d/1f1aLpUXLdzEeOuQo2Bvgt2mxPy8USz6I/view
Figma,Figma - 2013 - Seed,2013,Seed,https://drive.google.com/file/d/1BhLHCW64IpVo0REe-dKjcnhFx7sqDII8/view
Fincheck,Fincheck - 2017 - Pre-Seed,2017,Pre-Seed,https://drive.google.com/file/d/1vLoJsDe-zgoCHclqirv3LRvJlYGddhvO/view
Fingertips Lab,Fingertips Lab - 2017 - Seed,2017,Seed,https://drive.google.com/file/d/1i3w0v1yCoBZiLS8iEtW5Bl59plPih0_b/view
Finix,Finix - 2020 - Series B,2020,Series B,https://drive.google.com/file/d/1gxoWJwTwfh3j1VELeFtLkVDaiI-YHVjf/view
Finova Financial,Finova Financial - 2017,2017,,https://drive.google.com/file/d/1sr8lARryRGkVhHpPCJSMdLhSlPr2DK5J/view
Firework,Firework - 2022 - Series B,2022,Series B,https://drive.google.com/file/d/15sEyz-M3xrW0RuNL3TeEXBIHNA-9r0_8/view
Fitpal,Fitpal - 2019,2019,,https://drive.google.com/file/d/1G2zR1-t9wF5XQaqL4y8dZbVyKp3TilP6/view
Fittr,Fittr - 2020 - Seed,2020,Seed,https://drive.google.com/file/d/19xcMtBz5vtlLR8rqbGh5vo1Q99scmz0e/view
FitzyTV,FitzyTV - 2019 - Pre-Seed,2019,Pre-Seed,https://drive.google.com/file/d/1nD76C7WiHeNLaIK5ZQ_mRNuObwyX2Xz0/view
Fivetran,Fivetran - 2017 - Seed,2017,Seed,https://drive.google.com/file/d/1m6xBoZUdByWAgrAgV-mg3bqXmxbZ4Ndr/view
FlashRatings,FlashRatings - 2015 - Seed,2015,Seed,https://drive.google.com/file/d/1mExZf7MOpLQo91dcIIqHmfTCeSdTWdIM/view
Floqq,Floqq - 2017 - Series A,2017,Series A,https://drive.google.com/file/d/1AW844dqj7HymFKCGQGxzLO94qX26gU9W/view
Flowtab,Flowtab,,,https://drive.google.com/file/d/1jJ1QYKCkjMDVWw1_p6VbJsU5jj4m5TCr/view
Flye,Flye - 2017,2017,,https://drive.google.com/file/d/1lwJOcsAD6d-BYlDHPLitMQt2IHLZlEmZ/view
Folia Water,Folia Water - 2017 - Seed,2017,Seed,https://drive.google.com/file/d/1UQP-tXrNX5rcIr50kbuMYV6-oPlLUgUo/view
FOLX Health,FOLX Health - 2022 - Series B,2022,Series B,https://drive.google.com/file/d/15-x7OesCs1-OzXVshK086_PDKXdrrGdR/view
Forent (ExCAMP),Forent (ExCAMP) - 2019 - Seed,2019,Seed,https://drive.google.com/file/d/1FZprWoE-p-KdihjAvDDL3pFWGbC0DTTv/view
Fortanix,Fortanix - 2022 - Series C,2022,Series C,https://drive.google.com/file/d/1qx-5PvM6N8WZRL9mzD1AmSHyTdEz4kzX/view
Foursquare,Foursquare - 2009 - Series A,2009,Series A,https://drive.google.com/file/d/1FJj88oIHrSwXmKufJVgY75Obu1-VE4pA/view
Fox Type,Fox Type - 2015 - Seed,2015,Seed,https://drive.google.com/file/d/1GX2hps2Cs0LVUSig2xPysckZH_tb9XBH/view
FreightRoll,FreightRoll,,,https://drive.google.com/file/d/1zlQAfl2RykzfojIJS9Bhp-4FiRqmQ0o2/view
Friend Trusted,Friend Trusted - 2014 - Seed,2014,Seed,https://drive.google.com/file/d/1qVokmDp_naDJFp-JsLT-FdxpMZ2-_FPu/view
FriendlyData,FriendlyData - 2017 - Seed,2017,Seed,https://drive.google.com/file/d/1l4HzyMlL8qp0PX42N9MUJ9SntxnKO6_t/view
Front,Front - 2016 - Series A,2016,Series A,https://drive.google.com/file/d/1Pjajy5YJsl8ulsB3GlejuwdpwYLjWeq3/view
Front (Series B),Front (Series B) - 2018 - Series B,2018,Series B,https://drive.google.com/file/d/1C_aeqh--6fQeSCkAI4x7JzzuSEzMesQt/view
Front (Series D),Front (Series D) - 2022 - Series D,2022,Series D,https://drive.google.com/file/d/1JQUrdBukiE_Jqqp-xeCw1Gu5mYE-isM7/view
FTX,FTX - 2021 - Series B,2021,Series B,https://drive.google.com/file/d/1TQRYe532-Vq4ktYzOp_l8O-bNay1qJio/view
Fulfil.io,Fulfil.io - 2017 - Seed,2017,Seed,https://drive.google.com/file/d/1sWdlNz62jDOgdald9HzLbVbxvskYbQTJ/view
Funderful,Funderful - 2016 - Seed,2016,Seed,https://drive.google.com/file/d/1AamobpKy2Zqzf-KWulFXZodDAqfeSKcC/view
Fuzzy.ai,Fuzzy.ai - 2015 - Seed,2015,Seed,https://drive.google.com/file/d/1SIMIDlOmborOqZuLbHcAq4zfVDqnzj2Q/view
Fyllo,Fyllo - 2018 - Series A,2018,Series A,https://drive.google.com/file/d/1yVTAOQwATTH7KH5-WSTUdwwUeDh0BXxC/view
Fynd,Fynd - 2008 - Series A,2008,Series A,https://drive.google.com/file/d/1WomYGgLqVyPXWna-TkiaPWe_tvP-hFGo/view
Fyodor Biotechnologies,Fyodor Biotechnologies - 2018 - Seed,2018,Seed,https://drive.google.com/file/d/18e4vlyDQaW3BRAMXTbmuD7zmv6JJPIbR/view
Fyre Festival,Fyre Festival - 2017,2017,,https://drive.google.com/file/d/12kebGxKzD4r-j9E6nFc5mjNHmfX95d_2/view
GAIA Design,GAIA Design - 2020 - Series C,2020,Series C,https://drive.google.com/file/d/1gSmnDJM5T9ul1hk_i_h7pDs2kFOhqvkM/view
GamerzClass,GamerzClass - 2020 - Seed,2020,Seed,https://drive.google.com/file/d/1xLkC2fTjP0u322f2B6SBcLKktmOUAf3n/view
Gas Pos,Gas Pos - 2020 - Seed,2020,Seed,https://drive.google.com/file/d/1dw1KSfn96XtQ8IDPoXKKbS-mgoImJRVt/view
Geekatoo,Geekatoo - 2014,2014,,https://drive.google.com/file/d/19DIpTuxINnSZQ02CvVagi3Q8MYmISEby/view
Gestoos,Gestoos - 2017 - Series A,2017,Series A,https://drive.google.com/file/d/18MR9RlyuqS4COt1mKZCdVdJCiz-x5Mn3/view
Get on Board,Get on Board - 2020 - Seed,2020,Seed,https://drive.google.com/file/d/1Ky30wC3qPnpnrbxIZvOn7lP5dCPOGmv9/view
GetLinks,GetLinks - 2016 - Seed,2016,Seed,https://drive.google.com/file/d/1a1faJ_Jb6MSI6xPbiC--4mjtkGkMUdQB/view
Gitlab,Gitlab - 2015 - Seed,2015,Seed,https://drive.google.com/file/d/1XCiV42YIEIVOynDXAiZx0eStDHdhGewR/view
Givesurance,Givesurance - 2015 - Seed,2015,Seed,https://drive.google.com/file/d/13z3HC792-e-k3Yn3ogEwJHpzhkhx2S6m/view
Glambot,Glambot - 2015 - Pre-Seed,2015,Pre-Seed,https://drive.google.com/file/d/1Qm5xY37LdAAtqGedISDeCCxYQlU6pf3p/view
GlamST,GlamST - 2016 - Series A,2016,Series A,https://drive.google.com/file/d/1L31oDnenPPkU6Pofvc8Oi_uBw8vs9N3j/view
Globe Keeper,Globe Keeper - 2015 - Seed,2015,Seed,https://drive.google.com/file/d/1CPCAJL_Jb_ustOiLDR-IWOwZ5AuhY-CQ/view
Gluwa,Gluwa - 2017 - Seed,2017,Seed,https://drive.google.com/file/d/1Mla_GsRN9FAaz7cAOmEig6__SjktUW2D/view
Glyph,Glyph - 2019 - Seed,2019,Seed,https://drive.google.com/file/d/1x4NMz8LVRfWOKpAs9FJyCrakwKWOOMs8/view
GogoCoin,GogoCoin - 2013 - Seed,2013,Seed,https://drive.google.com/file/d/1b5BqZ7daPmBd5iPTw6_TLg-jQZuvVOqG/view
Gogohire,Gogohire - 2015 - Seed,2015,Seed,https://drive.google.com/file/d/1iw3xjSYRP_FQfxhfJsyP_kkquhqYOlmb/view
GoStudent,GoStudent - 2021 - Series C,2021,Series C,https://drive.google.com/file/d/1UEZpP4gp9bjXJgwnnyT6XWp6AgubCMUk/view
GPU Eater (Pegara),GPU Eater (Pegara),,,https://drive.google.com/file/d/137l_hFgmbXoPBNPVVWU8CtL64khDokho/view
Granulate,Granulate - 2020 - Series A,2020,Series A,https://drive.google.com/file/d/1VGAZNKs3Y4x6rpJycAN980wl8Z4PCePa/view
"Green Way Laboratories, Inc","Green Way Laboratories, Inc - 2015 - Series A",2015,Series A,https://drive.google.com/file/d/1p9w3MjvV1Ehrt9jKX56Xd0zHxJJgCNtm/view
GreenGar,GreenGar - 2013 - Seed,2013,Seed,https://drive.google.com/file/d/1B1Y9hMvfPwhwcKMXkeCUOEptdNmgD-EV/view
GridCure,GridCure - 2014 - Seed,2014,Seed,https://drive.google.com/file/d/17QpXUbKYnnZb8TA3O_fv9B2gvpctBdei/view
Grom,Grom,,,https://drive.google.com/file/d/1c2rcvLI0ICxvGatekH9SCxOuCn3UJohY/view
GRUBBRR,GRUBBRR - 2022,2022,,https://drive.google.com/file/d/1_kjtNsXVJ2xIkdNMt0wvOTUeLg4Wsspi/view
GTX,GTX - 2023 - Seed,2023,Seed,https://drive.google.com/file/d/1KN5oxI27hrlfM0K6Ghyg1kFfNd_Q7ukP/view
Gusto,Gusto - 2014 - Series A,2014,Series A,https://drive.google.com/file/d/1BLknc_MRthqRZQLqDM8xbTMQQ0cIP1rr/view
Gymhit,Gymhit - 2015 - Seed,2015,Seed,https://drive.google.com/file/d/1qWXZRJI0_atxMa-8tOwtOrZ_cM9fc-0q/view
Gymtrack,Gymtrack - 2015 - Seed,2015,Seed,https://drive.google.com/file/d/1lTI03ToTy6Gskb2B80UXEBXHqEIltK-a/view
Hadean,Hadean - 2022 - Series A,2022,Series A,https://drive.google.com/file/d/1pn-XIxxnyVDESVshCLJGpc1M6CiHWpny/view
Hamama,Hamama - 2020 - Seed,2020,Seed,https://drive.google.com/file/d/1kGeybhExjNKSFWmeK6d36tkhLP5Ob8dw/view
Harmonica,Harmonica - 2017 - Pre-Seed,2017,Pre-Seed,https://drive.google.com/file/d/1BUwifqcl4s_9xUNzE_EtR9mhquLtBqpJ/view
Headout,Headout - 2015 - Seed,2015,Seed,https://drive.google.com/file/d/1cWH3sXDOqb9fkQNLU_KwUYMsQnEr-ck7/view
Headset,Headset - 2019 - Series A,2019,Series A,https://drive.google.com/file/d/1t0Lq7fqbfi-WOLOz469Oo1c-3xTgKymC/view
Heal,Heal - 2020,2020,,https://drive.google.com/file/d/1dSJnREs7v0JAkku8YXCUDeyYHdhr7zU_/view
Healthjoy,Healthjoy - 2019 - Series B,2019,Series B,https://drive.google.com/file/d/10RfTKQIH4PW6mZyyyEcptC3mK66kYFo9/view
Healx,Healx - 2019 - Series B,2019,Series B,https://drive.google.com/file/d/1H3qL6m7YqL7XE8pdieugFlw-VimEOny_/view
Hearo.Live,Hearo.Live - 2019 - Seed,2019,Seed,https://drive.google.com/file/d/18QDmk1C21TMOTw7KB51VMMVrbxtKpOtK/view
Heavy Connect,Heavy Connect - 2016 - Seed,2016,Seed,https://drive.google.com/file/d/1lvL0x_jpw2KXv2s-A7Gmiruy99f4Me4_/view
Hello Heart,Hello Heart - 2022 - Series D,2022,Series D,https://drive.google.com/file/d/1LHpNhqn_KwUTjQv3lXVtyYNOTxI6cQhn/view
HelloBello,HelloBello - 2022 - Seed,2022,Seed,https://drive.google.com/file/d/1yV1jO8y0X1MIIWhWMEgeujwO53wLZCT_/view
Heyday,Heyday - 2019 - Seed,2019,Seed,https://drive.google.com/file/d/1u_Gk6OgrML5ANuH7sHP134VdWEyFPOIE/view
Hivebeat,Hivebeat - 2015 - Seed,2015,Seed,https://drive.google.com/file/d/1ro7vneLdJSAURj2hcuL_u3WQp45792zh/view
Holidog,Holidog - 2013 - Seed,2013,Seed,https://drive.google.com/file/d/1nLd-rBHGTWy3JQTwyeL71gDNjGw5jhEe/view
Holloway,Holloway - 2019 - Seed,2019,Seed,https://drive.google.com/file/d/1pORfHAXHC-zUUKRHCjESEkv43U4oErhu/view
Home61,Home61 - 2016 - Seed,2016,Seed,https://drive.google.com/file/d/1gP7i4CnCsDLxeTFR6JDe9qkw1pUoNgZj/view
Homebot,Homebot - 2017 - Seed,2017,Seed,https://drive.google.com/file/d/1sU5tQqg4kDHShE6b9j6PQBR6Bbt6dxDi/view
hometalk,hometalk - Series A,,Series A,https://drive.google.com/file/d/1jB7tS6yWxckbLa0jEL5DEioLai41bO27/view
Homigo,Homigo - 2015 - Seed,2015,Seed,https://drive.google.com/file/d/1mIoWsUHe1g2Vs-2mbG5M-3ZepxpHfGcQ/view
HowGood,HowGood - 2022 - Series B,2022,Series B,https://drive.google.com/file/d/1TOBS9oG6Hvl0olIXtHNX0pXsReBGxeAQ/view
Humaans,Humaans - 2022 - Series A,2022,Series A,https://drive.google.com/file/d/1HRAtW1dFr9qX4qD9WIlrdHwg_IYKAxcq/view
Humming Homes,Humming Homes - 2022 - Seed,2022,Seed,https://drive.google.com/file/d/1JV2_Z21OKXtmRz8fB6s8GvZbsBWKNjkS/view
Hyphen,Hyphen - 2018 - Series A,2018,Series A,https://drive.google.com/file/d/1a0tfa0LZaAyHsYkCwVw7ZV4XPxDCDzxu/view
HYVE,HYVE - 2019 - Seed,2019,Seed,https://drive.google.com/file/d/1D-njAmIfxsoeWr-KKDoQ_J3NcvBdSwV6/view
iBillionaire API,iBillionaire API - 2012 - Seed,2012,Seed,https://drive.google.com/file/d/1zqP7TZspDglu3iJyJU6kHbDe4SBprnlv/view
Iconfinder,Iconfinder - 2012 - Seed,2012,Seed,https://drive.google.com/file/d/1f5TuTE6lOpRQ0dqN3tJkNYOmeqswYiUp/view
iControl,iControl - 2016 - Seed,2016,Seed,https://drive.google.com/file/d/1vQPVGbN5WfDEFkXkCpdhMNFLIiCTCdqw/view
IDWall,IDWall - 2016 - Seed,2016,Seed,https://drive.google.com/file/d/1s7QrDHMXyY1oFg-OlaM-DqxEkFgV1hdh/view
iGrow,iGrow - 2015 - Seed,2015,Seed,https://drive.google.com/file/d/1GiDdVMHXS1LTIULLy7d5W3rgXsNc40Vv/view
Improvado,Improvado - 2018 - Seed,2018,Seed,https://drive.google.com/file/d/15Cy3Qed6-r14H5_yuw9AA_RDYiVMoCYf/view
Indemand,Indemand - 2016 - Pre-Seed,2016,Pre-Seed,https://drive.google.com/file/d/13aAAW5savFswdsOpZcd7zK8nAzs6rNXn/view
Indiez,Indiez - Seed,,Seed,https://drive.google.com/file/d/1o5dyL98ZysDmWzo2cVK8ls5TWCvrKR0a/view
Inductly,Inductly - 2014 - Seed,2014,Seed,https://drive.google.com/file/d/1dqKL1ajw1DF_JW8fgRt2FXgDI_AvM77O/view
InfluxData,InfluxData - 2023 - Series E,2023,Series E,https://drive.google.com/file/d/1yiNqhn9lGJDqHmKp2DHd8SQVk9ekhvyG/view
Infraspeak,Infraspeak - 2016 - Seed,2016,Seed,https://drive.google.com/file/d/1Z6LAB2psvOfrwCAmsPAfXZuJE9IiO80t/view
Ingu Solutions,Ingu Solutions - 2016 - Pre-Seed,2016,Pre-Seed,https://drive.google.com/file/d/1deSa-ZH2KTd_Fx_Ux_BAfPHp3wH1Uqa0/view
InnerTrends,InnerTrends - 2015 - Seed,2015,Seed,https://drive.google.com/file/d/1WK9-hrEoiK3GMhu0HJ5Hi6x_-bi-AOG2/view
InstaGis,InstaGis,,,https://drive.google.com/file/d/1WQ6-Uc4j0Lip1bS32zsPDXYEhXqDOiBs/view
Instamojo,Instamojo - 2013 - Seed,2013,Seed,https://drive.google.com/file/d/1H26G51C-uoARGbVFiy2MaoauEdlN2jjl/view
Intercom,Intercom - 2012 - Seed,2012,Seed,https://drive.google.com/file/d/1W1Gfuh-HkI9zZZFQcthMYglYg9mXiAM-/view
INZMO,INZMO - 2016 - Seed,2016,Seed,https://drive.google.com/file/d/1I1Bdx7vwocb7NtOHcGR_Bnr4_4fQaM7H/view
Italist,Italist - 2014,2014,,https://drive.google.com/file/d/14SzFjO8lFPFc6BwRqT6F9gKjWateFFuk/view
Jetbay,Jetbay - 2014 - Seed,2014,Seed,https://drive.google.com/file/d/1WG5MIhJ7V4rN4EojPCxey5Fu5oUIjDbb/view
Judolaunch,Judolaunch - 2019 - Seed,2019,Seed,https://drive.google.com/file/d/1f-9kPuPoFVPKsFsFkupFXTFibGdKvY0v/view
Juked,Juked - 2020 - Pre-Seed,2020,Pre-Seed,https://drive.google.com/file/d/1hDTn4_nhCMT0Y8hisz5rOv0SJPuxudSf/view
Juno,Juno - 2022 - Series A,2022,Series A,https://drive.google.com/file/d/1naOW-eOMme0BGJkDMMFNjAdjHLp9jvka/view
K-Zen,K-Zen - Seed,,Seed,https://drive.google.com/file/d/1EIXRzzV7VVSj1YKicF2xOOrhPx9eZ6wy/view
KangaDo,KangaDo - 2014 - Seed,2014,Seed,https://drive.google.com/file/d/11kwyP8F7Z_s1f9Th_3F5E0ZR_bpXFxSZ/view
Kangarootime,Kangarootime - 2022 - Series B,2022,Series B,https://drive.google.com/file/d/1F0xNvk6imR_9_-euOkZl4owdKsWUigFq/view
Kibin,Kibin - 2011 - Seed,2011,Seed,https://drive.google.com/file/d/1MqpmZdcU8MdYqLdzIctP4nTFI-q7NnkD/view
Kickfolio,Kickfolio - 2012 - Seed,2012,Seed,https://drive.google.com/file/d/1UTGTH-_qeRAIq2RpI5RtxcFH4RDxb0ly/view
KidzJet,KidzJet - 2015 - Seed,2015,Seed,https://drive.google.com/file/d/1Bj_b1xUWVeuWT7-bp8jlolVZtmZMSNQP/view
KiKi,KiKi - 2019 - Pre-Seed,2019,Pre-Seed,https://drive.google.com/file/d/1rtdZ_pEyBvH9sfqOyqLP83eEloITwvaS/view
Kitterly,Kitterly - 2019 - Seed,2019,Seed,https://drive.google.com/file/d/1lnQIVziSe30Kd3B1kZkpkuzYJW1SpEj4/view
Koemei,Koemei - 2012,2012,,https://drive.google.com/file/d/12KWC492nJxviODSEEZf-nl_cIWTJUBnY/view
Kollecto,Kollecto,,,https://drive.google.com/file/d/1M-GzwQcjYM6qwL9_X_5aeJv4L3YoiuNW/view
Kompyte,Kompyte - 2019 - Pre-Seed,2019,Pre-Seed,https://drive.google.com/file/d/1kHRVI5OiXO5Hfx1ryH7RR4jl--VmX0gA/view
Kong,Kong - 2013,2013,,https://drive.google.com/file/d/1xWZhzMYriIG-gxffCgZyPh1g4FxUZT4E/view
Kono,Kono - 2014 - Seed,2014,Seed,https://drive.google.com/file/d/1KC_kFTODHoUeS_Xm7rix_k9vDN73Q-jM/view
Kryptomon,Kryptomon - 2022 - Series A,2022,Series A,https://drive.google.com/file/d/10JYFPe6zX742SumeOJk6xv85pGY-N_T-/view
Kudobuzz,Kudobuzz,,,https://drive.google.com/file/d/1y3IjJRhOPwnkYa577U3bnKAWhctEBjg7/view
Kyra,Kyra - 2022 - Series A,2022,Series A,https://drive.google.com/file/d/1S1x1gFc4COs1rnvbwqeHlvch9_SYwpUY/view
Lab Sensor Solutions,Lab Sensor Solutions - 2015 - Pre-Seed,2015,Pre-Seed,https://drive.google.com/file/d/1zQcGwFEbhtRyrcFDd_YTQ1mLpgKNdj2t/view
LaborVoices,LaborVoices,,,https://drive.google.com/file/d/1KDHQ1Sh1ad3TA_0gh5M4fxVlpBeQEGP8/view
Ladder,Ladder - 2021 - Series D,2021,Series D,https://drive.google.com/file/d/1ajO975tHYPt6VAUStqEvSnl04NabsRzG/view
Lafalafa,Lafalafa - 2015 - Seed,2015,Seed,https://drive.google.com/file/d/1M3A0wt3o1TIKJ-lGUasklpCPeixpSThQ/view
LawnGuru,LawnGuru - 2016 - Seed,2016,Seed,https://drive.google.com/file/d/1BvRFf7RtpVt3WVc00Dcu8ylLRkQGNkpt/view
LawTrades,LawTrades - 2016 - Seed,2016,Seed,https://drive.google.com/file/d/146d1swC3GS-wUMxL8nV6smq8c_GGJzmz/view
Leapcure,Leapcure - 2016 - Seed,2016,Seed,https://drive.google.com/file/d/1hDB9Zj3Br2sbssCe2ty2g1c-_8xZaJKx/view
Legion M,Legion M - 2022,2022,,https://drive.google.com/file/d/1So0OM1qz7FzCmNQ3eKVPtu2a5nuLn4rI/view
Lenda,Lenda - 2013 - Seed,2013,Seed,https://drive.google.com/file/d/1IWvnGnuJMv8BP42E9wUxYyqpnMuznVM4/view
LendSquare,LendSquare - 2014 - Seed,2014,Seed,https://drive.google.com/file/d/1mO56cCNwTJ5fDeEQh6TNi4pdVR-EjVxE/view
Level Therapy,Level Therapy - 2016 - Pre-Seed,2016,Pre-Seed,https://drive.google.com/file/d/1NavXhCAnON7fEs1YtxuiRw6a12hyz7bW/view
Lexop,Lexop - 2017 - Pre-Seed,2017,Pre-Seed,https://drive.google.com/file/d/1hC3BXSVrluGPIosRZRWgvAhutGw7f0hz/view
Lexyom,Lexyom - 2019 - Seed,2019,Seed,https://drive.google.com/file/d/1O3GKe0p3vxvc7XbzmUmdU6IESesdc-tr/view
Lighthouse,Lighthouse - 2016 - Seed,2016,Seed,https://drive.google.com/file/d/1IRexCtpIuSWrsZ2UPlK8EUirhPe942Yd/view
Linguatrip,Linguatrip - 2015 - Pre-Seed,2015,Pre-Seed,https://drive.google.com/file/d/1gD0HovqX35s3wlLASRuCGUf-MGD23Dht/view
LinkedIn,LinkedIn - 2004 - Series B,2004,Series B,https://drive.google.com/file/d/1uMAU3EBsitTbiZI5KyfvPnOsMETGkIca/view
Linte,Linte - 2015,2015,,https://drive.google.com/file/d/1Wt7u7i7BnmB_Pwue7ESjeXuzP9SpkPVG/view
Lish,Lish - 2015,2015,,https://drive.google.com/file/d/1FpvaNSzw4HzbpWbrwrNZot2RG0hLyykB/view
Littlefund,Littlefund - 2018 - Seed,2018,Seed,https://drive.google.com/file/d/13cfQv8teuGcqHkaCz2nyVfFgwlcXEwNi/view
Locus.sh,Locus.sh - Seed,,Seed,https://drive.google.com/file/d/1t64ijYCHi-zDA93gNBmrPNY3CvUzKsRG/view
Lola,Lola - 2019 - Series C,2019,Series C,https://drive.google.com/file/d/18KuTQo2jdkfTlMyRXN-G9jqrWWNeOo93/view
Long Journey Ventures Fund I,Long Journey Ventures Fund I - 2019,2019,,https://drive.google.com/file/d/1-xcnCPgDLD7einubz68QMShdzujZXJHj/view
Loom,Loom - 2017 - Seed,2017,Seed,https://drive.google.com/file/d/1RfxADuXuEXdNTJoBJXCk0b9TEi-lkP88/view
Love with Food,Love with Food - 2014 - Seed,2014,Seed,https://drive.google.com/file/d/1IgmFZaQE8fi7-XQaAWG7d4mwMy-o31-R/view
LucidAct Health,LucidAct Health - 2019 - Seed,2019,Seed,https://drive.google.com/file/d/14W8NBEqUUzKnM1nbk8AmUMBv8Nfb57OR/view
Lumific,Lumific - 2014 - Pre-Seed,2014,Pre-Seed,https://drive.google.com/file/d/1jfymSs5Ey1KepNY-lJWjbWSXof670gKY/view
Lumotune,Lumotune - 2014 - Pre-Seed,2014,Pre-Seed,https://drive.google.com/file/d/1bNSDup_HZPEQtpQmMKBLdUrSLwcbKTyV/view
Lunch Club,Lunch Club - 2019 - Series A,2019,Series A,https://drive.google.com/file/d/1uW1h_uzs61O0cnqdeQZFCOemr2Xau-eg/view
Magic Leap,Magic Leap - 2014 - Series A,2014,Series A,https://drive.google.com/file/d/1Wxg3Rs1xt_VW9WLGCzUyxeqUeZ7t8a1V/view
Mahmee,Mahmee - 2019 - Seed,2019,Seed,https://drive.google.com/file/d/1aYINns-K4aUPN4YO5J3PPNQtR2otJ6st/view
MailHeaven,MailHeaven - 2016,2016,,https://drive.google.com/file/d/17OvLUliiBudiAH7_Kc-BmrDk1USXP5fW/view
Mambu,Mambu - 2021 - Series E,2021,Series E,https://drive.google.com/file/d/10z-2NF6dJoOH8ugos8TJYV6aZf45-m7C/view
Mandae,Mandae - 2014 - Seed,2014,Seed,https://drive.google.com/file/d/12SFa3Di9gOZU6j_f_QYiADgywIwRY4_S/view
Manpacks,Manpacks - 2011,2011,,https://drive.google.com/file/d/1w9Wz5En7uoSbwU3HYw2KSjYWu_yvlV0I/view
ManyChat,ManyChat - 2015 - Seed,2015,Seed,https://drive.google.com/file/d/1sNq7ZvnNCRE8D6hfZOzpMAloeOZpAK-R/view
MapJam,MapJam - 2013 - Seed,2013,Seed,https://drive.google.com/file/d/1ENjcSJivi55QHm2pDWzBygn1axdH-Hpb/view
MapMe,MapMe - 2015 - Seed,2015,Seed,https://drive.google.com/file/d/1ID4bJEWzvDcaa5_dw_J8z7zc7Wwa3tM_/view
Mars Reel,Mars Reel - 2015 - Pre-Seed,2015,Pre-Seed,https://drive.google.com/file/d/1s7wtkDKRMFhqAqmzE7B-GVH0aFuwAfoE/view
Mashvisor,Mashvisor - 2016 - Seed,2016,Seed,https://drive.google.com/file/d/1eKIqis-wT9wy48QQAtzf74KQ9l7-UVrW/view
Mathison,Mathison - 2022 - Series A,2022,Series A,https://drive.google.com/file/d/1vCAT-kOHs367z8g5ClnzvU8mz248nI6C/view
Mattermark,Mattermark - 2014 - Series A,2014,Series A,https://drive.google.com/file/d/1jKvqUVkMfZB-mGbPAPVYgUol33uJGynV/view
Mayvenn,Mayvenn - 2015 - Series A,2015,Series A,https://drive.google.com/file/d/1nlk24XF04-BTDnqmUNyisL5SVrERsIj9/view
MedStack,MedStack - 2017,2017,,https://drive.google.com/file/d/1dhf8HEbG7ERpjBm3vt-gy9GGlSnI87OP/view
Melodics,Melodics - 2018 - Seed,2018,Seed,https://drive.google.com/file/d/1nNdVMPWxaM1pDxlcuJ3sZ4o-N8J5xBjo/view
Mentimeter,Mentimeter - 2014 - Pre-Seed,2014,Pre-Seed,https://drive.google.com/file/d/1vVVt55A6OQMS6-43cmpSlDXkyQZU0YE_/view
MentorCloud,MentorCloud - 2013 - Pre-Seed,2013,Pre-Seed,https://drive.google.com/file/d/1862PzXawn8YAgbkIZLwMUS4ITqxJslmV/view
Mero Technologies,Mero Technologies - 2020 - Pre-Seed,2020,Pre-Seed,https://drive.google.com/file/d/1YAvLYjOi83ntEl54d68JHwop54GuJcT5/view
Metacert,Metacert - 2016 - Seed,2016,Seed,https://drive.google.com/file/d/1L6Ssq651i2OSIBQm329jmt6ISHlXGZoG/view
Metadata,Metadata - 2016 - Seed,2016,Seed,https://drive.google.com/file/d/1llfCAw6ARcQroBQ0y-3OO5qs3uXqgCwW/view
Metamixis,Metamixis - 2015 - Pre-Seed,2015,Pre-Seed,https://drive.google.com/file/d/13geegOxr-fByTufw9icALeLxUTzva3PK/view
Meya,Meya - 2016,2016,,https://drive.google.com/file/d/1SO0zoOln9vwWDVP2ih1sofJwqIYw91n9/view
Mi Terro,Mi Terro - 2022 - Seed,2022,Seed,https://drive.google.com/file/d/1XfIy1-aRVjTvlLYGAGWqqu93bIupeaIx/view
Mint,Mint - 2007 - Series A,2007,Series A,https://drive.google.com/file/d/1tXGtGJ9Nwm78jYbdAsDHu7ELAXkJXchQ/view
Minut,Minut - 2022 - Series B,2022,Series B,https://drive.google.com/file/d/18BhCdDxbiN8D2Zswl55z5KQ6jEzc_3-j/view
MoBagel,MoBagel - 2017 - Seed,2017,Seed,https://drive.google.com/file/d/1KxlmQSvojgR1iCmk_JuJ1Qa81O9gLTDb/view
Modern Picnic,Modern Picnic - 2022 - Pre-Seed,2022,Pre-Seed,https://drive.google.com/file/d/1Nh0W3nSSHpMGgojGAV7vQO2lc63KSkQM/view
Modulr,Modulr - 2022 - Series C,2022,Series C,https://drive.google.com/file/d/1ULeIUXmE-v_UxtIeWPrN03IVqHpH3LlH/view
Mojilala,Mojilala - 2017 - Seed,2017,Seed,https://drive.google.com/file/d/1pKUfo1FeXBv2ERKVQ1Hzl6hv8cbegBSA/view
Mollie,Mollie - 2020 - Series B,2020,Series B,https://drive.google.com/file/d/1o1UbMFSJthf9F2mlcE6_jn0VLj5nF5o_/view
Monetsu,Monetsu - 2014 - Seed,2014,Seed,https://drive.google.com/file/d/1ArKmtQIc5tcq1DtCtvMg6JoAIj5N9sCo/view
MonkeyLearn,MonkeyLearn - 2015 - Pre-Seed,2015,Pre-Seed,https://drive.google.com/file/d/15WuBfroEJFOZIPNgZBWrW6nLDm1Gr8hj/view
Monzo,Monzo - 2017,2017,,https://drive.google.com/file/d/1xgBo4nyKQqGXKiMJMm-RJLAmAlgs0ect/view
Moz,Moz - 2012 - Series B,2012,Series B,https://drive.google.com/file/d/1WIuhT7HUO2SMBU_uGJYIt3CiVcbZFw5K/view
Muck Rack,Muck Rack - 2022 - Series A,2022,Series A,https://drive.google.com/file/d/1purkekA1_AoPIm6qvBrpotEH3lcEBejg/view
MURAL,MURAL - 2020 - Series A,2020,Series A,https://drive.google.com/file/d/1xG7jqOLLLl5ZGQb9XWFuK5TB9PqrrE86/view
Mycroft,Mycroft - 2016,2016,,https://drive.google.com/file/d/13fTnIcwenmh8YMZTsxiJkOOwAtIZKqKP/view
MyFavorito,MyFavorito - 2016 - Pre-Seed,2016,Pre-Seed,https://drive.google.com/file/d/1yu7PYdLgtjLRJEk6wuHuMG0mmi08eUhK/view
Mynurse.ai (formerly Salusive Health),Mynurse.ai (formerly Salusive Health) - 2020 - Seed,2020,Seed,https://drive.google.com/file/d/1ocx8aq943ohnPCr8SRgVRXBQwIaP0Bi9/view
MySQL,MySQL - 2003 - Series B,2003,Series B,https://drive.google.com/file/d/1CqEpqb-M-kOF3xADZ3U_mIBhD-kPsTLy/view
MyTips,MyTips - 2013 - Seed,2013,Seed,https://drive.google.com/file/d/1LvS3t2FOKdMWLsatz8nylVyrAtze-hDn/view
N26,N26 - 2016 - Series A,2016,Series A,https://drive.google.com/file/d/1X71tLzKULoXElqNxnQaCV3WTenfpoGSv/view
Nancy,Nancy,,,https://drive.google.com/file/d/1YECp4rrxJ18k9znQE06i4fDf2X_UYxob/view
Nanno,Nanno - 2017 - Pre-Seed,2017,Pre-Seed,https://drive.google.com/file/d/1w8UBpQQ6c0M5yotKXpew9EtjbDh1hPtz/view
Nanogrid,Nanogrid - 2019 - Pre-Seed,2019,Pre-Seed,https://drive.google.com/file/d/1JVs4eDwnf151qtpJjxHNwr27h0VhYS08/view
Nanonets,Nanonets - 2022 - Series A,2022,Series A,https://drive.google.com/file/d/1szYcM9IgnhgWR3QzRrAMF-3Y67f7AWYc/view
NativeAD,NativeAD - 2013 - Seed,2013,Seed,https://drive.google.com/file/d/1j4PeNjp4MOh-u24Nl4JX941NkZ2lwcNP/view
Nazar,Nazar - 2016 - Seed,2016,Seed,https://drive.google.com/file/d/1vD07a3hUThE15WDUHCLekH3RVS-Xr8ba/view
Neighborly,Neighborly - 2015 - Seed,2015,Seed,https://drive.google.com/file/d/1XbZcDNzGf54G2jNkke4Fj6pLz8JTMibC/view
Next Play,Next Play - 2018,2018,,https://drive.google.com/file/d/10vGKwev2Zt1A4WAFbCVumcmvkJRfVKlh/view
Ngrok,Ngrok - 2022 - Series A,2022,Series A,https://drive.google.com/file/d/1jTAKKGlfZkVr9m6lKVhfYwyd5E-MxK8P/view
Nobal Technologies,Nobal Technologies - 2013 - Seed,2013,Seed,https://drive.google.com/file/d/1SpMEqGz4GaGPCs_WuQmiPttx7qegOdSJ/view
NOBORDER,NOBORDER - 2018 - Seed,2018,Seed,https://drive.google.com/file/d/1zNKXE2Cbd0pF5fMNUvYeyNLa4aNnrn-f/view
Nodal Security,Nodal Security,,,https://drive.google.com/file/d/1f_XWHcZvBOiH93OcckQLZOgbMrEmV-Fg/view
Nonnatech,Nonnatech - 2016 - Seed,2016,Seed,https://drive.google.com/file/d/1YN0zwfvhNKYxXX8d0A5KSfG1AG7QdXhn/view
Nord Security,Nord Security - 2022 - Series A,2022,Series A,https://drive.google.com/file/d/1UfypVmGmJeBhDt1pYKkJ79BC4xO8vKhS/view
Not Boring Capital Fund I,Not Boring Capital Fund I - 2021,2021,,https://drive.google.com/file/d/1v6hVliTETMrErGGHbwts4bsxXu26T_L-/view
Not Boring Capital Fund II,Not Boring Capital Fund II - 2022,2022,,https://drive.google.com/file/d/13QbME1-MeSC1BFsiNvfvH2ErADZo4Ywg/view
Now,Now - 2021 - Series A,2021,Series A,https://drive.google.com/file/d/1ht2ZDyePSRW1Tt7GOJmkUrbebvnu_X4M/view
Ntensify,Ntensify,,,https://drive.google.com/file/d/1e0w6Vu39kyODYDWtjeqoanIn_XJCHxTV/view
Nubity,Nubity - 2013 - Pre-Seed,2013,Pre-Seed,https://drive.google.com/file/d/10QPBd-nxxSwBeRkeof5q2Oc1AJpw5v_M/view
Numina,Numina - 2017 - Seed,2017,Seed,https://drive.google.com/file/d/1unX1sG-iYtMBjKGQjUKFUi0z2SAjwPow/view
Nurse Versity,Nurse Versity - 2015 - Pre-Seed,2015,Pre-Seed,https://drive.google.com/file/d/1krikYTz8Covzu4Qq89LXe5wnlXN8qcdr/view
Nvidia × Arm Acquisition,Nvidia × Arm Acquisition - 2020,2020,,https://drive.google.com/file/d/1puiem1PX3M4IRJ9EwBdGYPIcGcXzAlT_/view
Obie.ai,Obie.ai - 2020 - Seed,2020,Seed,https://drive.google.com/file/d/1TwjN2cSuNZP0DEEsb6DD3GIiRWrvUKHb/view
Odeko (Cloosiv),Odeko (Cloosiv) - 2019 - Seed,2019,Seed,https://drive.google.com/file/d/1_VAfuA_PqBOueHRBIXxA6vGFiu9Exwhp/view
Ohalo,Ohalo - 2019 - Seed,2019,Seed,https://drive.google.com/file/d/19sYFiLVD4bAL0oU03fhY1ZSL6th3J1sg/view
Ohmconnect,Ohmconnect - 2018 - Series B,2018,Series B,https://drive.google.com/file/d/1sPBvtbQhS75oHRTyriWT5DOxpYseHbIV/view
Olist,Olist - 2015 - Seed,2015,Seed,https://drive.google.com/file/d/18iIb8caGx5NnKZ1qBSUGdNXBpqvoFJLV/view
Omate,Omate - 2013,2013,,https://drive.google.com/file/d/1WXPw997DisPnYWUCh4phSVq4AaEYuqvH/view
Omnitron Sensors,Omnitron Sensors - 2020 - Seed,2020,Seed,https://drive.google.com/file/d/1fsW7Lg_8TUBGGolqV8Ax3xJ-qABuwzkd/view
One Kloud,One Kloud - 2016 - Pre-Seed,2016,Pre-Seed,https://drive.google.com/file/d/1DTgUbXumNIE2q1X81-190LBpvv4B6-BS/view
One Lonely Outpost,One Lonely Outpost - 2022,2022,,https://drive.google.com/file/d/15bu9570TQ_ocAZPQ7TYTtobQlOSlDQPv/view
Onfarm,Onfarm - 2012 - Seed,2012,Seed,https://drive.google.com/file/d/1dr8OEz_fDVANm4HijLRiHRnuEDFQEku4/view
Oomf (now Crew),Oomf (now Crew) - 2014 - Seed,2014,Seed,https://drive.google.com/file/d/1MHYDGVxV3bYCQppLLRjAS4EoO1DOygf0/view
Open Sponsorship,Open Sponsorship - 2015 - Seed,2015,Seed,https://drive.google.com/file/d/19rCZwMEnz8DWq3h9JopUCzZrzoTeAri4/view
OpenDoor,OpenDoor - 2014 - Series A,2014,Series A,https://drive.google.com/file/d/1KFsmyQzzHUSEElHh7Ob7_d6KWiWWwiuG/view
Openfin,Openfin - 2019 - Series C,2019,Series C,https://drive.google.com/file/d/172oRsZ0bnd6NKuwtVE9P_ex6hzgtSLim/view
OpenTest (Loom),OpenTest (Loom) - 2016 - Pre-Seed,2016,Pre-Seed,https://drive.google.com/file/d/19EGHrUdnv79RB5BixA4mftUdO3Z5GE0W/view
Optimity,Optimity - 2015 - Pre-Seed,2015,Pre-Seed,https://drive.google.com/file/d/13sDnhDxF46k1PZChjyxCe10FbG04VsBy/view
Option Alpha,Option Alpha - 2014 - Seed,2014,Seed,https://drive.google.com/file/d/149fiOPk8HpUye2dDzzJzwDSTKoLSyvs9/view
Orchard,Orchard - 2018 - Seed,2018,Seed,https://drive.google.com/file/d/1ngsEuHWFdqIQiJtEtBqCny-zrYV5njGX/view
OrderCircle,OrderCircle - 2016 - Seed,2016,Seed,https://drive.google.com/file/d/1p9Dj0b738rt1R9RWutK8hhvo0FKX9rRU/view
Orderly Health,Orderly Health - 2016 - Seed,2016,Seed,https://drive.google.com/file/d/147iqyMKsBG_eAo_DBig1Ob7aDCKyDoYi/view
Oscar Health,Oscar Health - 2014 - Series A,2014,Series A,https://drive.google.com/file/d/1sSkYACDhD_qUqQwkMd7GDjOTg59oR8tw/view
Osso VR,Osso VR - 2022 - Series C,2022,Series C,https://drive.google.com/file/d/160kE5YpLEPZInZFh9K1tYDnnFCE4hXey/view
Our Future,Our Future - 2023,2023,,https://drive.google.com/file/d/1tfmF4Y-FgLoSiTqKRgHnoMfBUPv1iZhO/view
OurHealthMate,OurHealthMate - 2014 - Pre-Seed,2014,Pre-Seed,https://drive.google.com/file/d/1CWP9W3Eg1_ycIdGKpzyRjbfH5FOMx9W4/view
OurSong,OurSong - 2022 - Seed,2022,Seed,https://drive.google.com/file/d/1ubf1qzdrb4FZjhlZXdr-J3u9QzB_fyAL/view
Ovation,Ovation - 2019 - Seed,2019,Seed,https://drive.google.com/file/d/1AxVn2BzBF8awJDEJM5G5bYgRWUrF_l4i/view
Owlr Technologies,Owlr Technologies - 2017 - Seed,2017,Seed,https://drive.google.com/file/d/1JLG25UshwqoUVuuiNSAJIy2Ro1aSjoQV/view
OwnLocal,OwnLocal - 2010 - Seed,2010,Seed,https://drive.google.com/file/d/1wcbD_5p_zTgrl6nk2q1rVdT2Wuicrk88/view
Pacifica Labs,Pacifica Labs - 2015,2015,,https://drive.google.com/file/d/1QVkY_8FBDoEN9iJUVlnkfhD6oUQwv9uw/view
Paddle Pitch Deck (Series D),Paddle Pitch Deck (Series D) - 2022 - Series D,2022,Series D,https://drive.google.com/file/d/1djSf8RHasyOj0rAf3ed7Et9ndrS1f9uo/view
Paddle Series C,Paddle Series C - 2021 - Series C,2021,Series C,https://drive.google.com/file/d/1paN97QzRM82CCUOB64-T6DLo8exa1xsS/view
Pair,Pair - 2016 - Seed,2016,Seed,https://drive.google.com/file/d/18xfbwGc8doGU-WT14H3XUDCdGfEGOTAV/view
Paranoid Fan,Paranoid Fan - 2016 - Seed,2016,Seed,https://drive.google.com/file/d/1L6KplnQignU0aohm_NqdexwyVAmaWO5F/view
Parkbench,Parkbench - 2016 - Seed,2016,Seed,https://drive.google.com/file/d/187I448o64Y0ryEm8sykkxe78SO1X0fJF/view
Paubox,Paubox - 2015 - Seed,2015,Seed,https://drive.google.com/file/d/1tzCScM2CWZBNv4FbMZeGeye2bSgq0CNa/view
Pawprint,Pawprint - 2020,2020,,https://drive.google.com/file/d/1hplaTwu8S2vWkwPuk0yU2c2EXvzfqBwg/view
Paykind,Paykind - 2013 - Seed,2013,Seed,https://drive.google.com/file/d/1AegiOi9AoaRZmOBwD2I5CMu3Lp5jDFKV/view
Pearpop,Pearpop - 2022 - 2022 � Series A,2022,2022 � Series A,https://drive.google.com/file/d/1b0ir1TThT-7BVJ597rFBskFofJCKGUw-/view
Peloton,Peloton - 2012 - Seed,2012,Seed,https://drive.google.com/file/d/1mrI-4lK-Ug-PzfACXv0Y1syN-4QVJOsC/view
Pendo,Pendo - 2016 - Series B,2016,Series B,https://drive.google.com/file/d/1A2_ys9MzYKYVN5so_w0rfoB2yHbPvcA0/view
Perplexity AI,Perplexity AI - 2024 - Series B,2024,Series B,https://drive.google.com/file/d/1LkZGxOe8e7FxEhM-epBTHOcxtJSsvtzt/view
Perplexity AI,Perplexity AI - 2024 - Series B,2024,Series B,https://drive.google.com/file/d/1LkZGxOe8e7FxEhM-epBTHOcxtJSsvtzt/view
Persefoni,Persefoni - 2021 - Series B,2021,Series B,https://drive.google.com/file/d/1uYZWYRoVgzhrOrTFZcYZ4rDIycu6Of16/view
Phenom,Phenom - 2014 - Pre-Seed,2014,Pre-Seed,https://drive.google.com/file/d/1aRHITddpxisQyDMdHCYh_VoxinLiDMpN/view
Pijon,Pijon - 2015 - Seed,2015,Seed,https://drive.google.com/file/d/12c8pl0FkSyyfqmDlHwO-XVpwq3WKLSUb/view
Pillar (Pillar Life),Pillar (Pillar Life) - 2019 - Seed,2019,Seed,https://drive.google.com/file/d/1n8YqHQlhRNHZfk0WmHPAZJ4tRgcx5PNv/view
Pilleve,Pilleve - 2019 - Seed,2019,Seed,https://drive.google.com/file/d/1kIRfWR_Z31aIow7o5IEMflS-bH2aObQk/view
Pilota,Pilota - 2019 - Seed,2019,Seed,https://drive.google.com/file/d/1dQz7j1HLBORiDl4R2JJP1VXDZR-leO8-/view
PinMyPet,PinMyPet - 2014 - Pre-Seed,2014,Pre-Seed,https://drive.google.com/file/d/19lnMtkxjiSjayvMjhKkexCzuBjWAqRBt/view
Pinshape,Pinshape - 2014 - Seed,2014,Seed,https://drive.google.com/file/d/1NLux5VxDMnLiwg5Y64xQyuU6y9ciYtrc/view
Pipefy,Pipefy - 2015 - Seed,2015,Seed,https://drive.google.com/file/d/1TcZFHfQI5x7elCLBnj--_jHPe7BEvN8Q/view
Piper,Piper - 2013,2013,,https://drive.google.com/file/d/1OR3h4uJhokK4m40y8JDIEspozPnvJxKL/view
Pixc,Pixc - 2014,2014,,https://drive.google.com/file/d/1fA2KjR4Zqj2X4nZ3RNsxA0E8SFjcDObQ/view
Pixeom,Pixeom - 2019 - Series A,2019,Series A,https://drive.google.com/file/d/1bfwBysl_8ComkzpvhEWtWfUhsUJA4eV0/view
Plant an App,Plant an App,,,https://drive.google.com/file/d/13gRBWckGD0ZyQM7XIC9PWFyM12oXZfvU/view
PLAYSTUDIOS,PLAYSTUDIOS - 2021,2021,,https://drive.google.com/file/d/1qwCu_TlG_Uf6l8Tn7RBLXl-GdJAHaAj1/view
Plot (Park Evergreen),Plot (Park Evergreen) - 2016 - Seed,2016,Seed,https://drive.google.com/file/d/1I3cx5yNgStWt6jOz9fzs__TDjun0-T5I/view
Plugger,Plugger,,,https://drive.google.com/file/d/1tOEMwgeZaRROwf4F6vZI9l5_Gb5TxN8K/view
Plum Fintech,Plum Fintech - 2019 - Series A,2019,Series A,https://drive.google.com/file/d/13G9sAZOyKniEqvlJWuXtToqb4ydydz67/view
Pluto,Pluto - 2019 - Seed,2019,Seed,https://drive.google.com/file/d/17XgnkaGYNAasjhi_2y-7M0w_4UUS7GP1/view
Podozi,Podozi - 2015,2015,,https://drive.google.com/file/d/1UaeY12w8lq4j8vY574UpHPRXDEht9c8k/view
POPAPP,POPAPP - 2014,2014,,https://drive.google.com/file/d/1MCmfwj18H2xgww4ycRxfRfLNXRwOp3Ao/view
Popup Archive,Popup Archive - 2014 - Seed,2014,Seed,https://drive.google.com/file/d/17qkK2BsMch-rUFJDGh6rHFv82JcFfcAt/view
Postmates,Postmates - 2011 - Seed,2011,Seed,https://drive.google.com/file/d/1ZMRCFLM3Wdvq8ytFPwKcJ1CCIcLXyhNJ/view
Prealize Health,Prealize Health - Series B,,Series B,https://drive.google.com/file/d/1P_8lbyp845gw3t3alqyxp7kmEcVievAi/view
Precursor Fund III,Precursor Fund III - 2020,2020,,https://drive.google.com/file/d/1WFRQzvDDyMBA4pAt6Xrqn23Hl3vTXdma/view
Predictive Index,Predictive Index - 2019 - Series A,2019,Series A,https://drive.google.com/file/d/1CEVG8oo9V7BlibOavUaSLjyimjYrQXUW/view
PredictoinIO,PredictoinIO - 2013 - Seed,2013,Seed,https://drive.google.com/file/d/1UAbn8MXGX1zW6tF0bpD-ul0yOLtTLTuo/view
Predina Tech,Predina Tech - 2017 - Pre-Seed,2017,Pre-Seed,https://drive.google.com/file/d/194hb_qeguV-i0BSCG3Aac0Ch8yIbtowI/view
Preteckt,Preteckt - 2018 - Seed,2018,Seed,https://drive.google.com/file/d/1ILz2C6X7sXnyYQQkGFU5v_pMepcfSfym/view
PriceBaba,PriceBaba - 2013 - Seed,2013,Seed,https://drive.google.com/file/d/14ekquW00538MuU4wnas2ZZF9KfAqP_C8/view
Printivo,Printivo - 2017 - Seed,2017,Seed,https://drive.google.com/file/d/1znl6nivmpFTC1vliaMSMC5JdkVoGhw1Y/view
Privy,Privy - 2011 - Seed,2011,Seed,https://drive.google.com/file/d/18qcxAJn-tOxO-bTlywtZk4NzXKmuWDCB/view
ProcureNow (formerly Govlist),ProcureNow (formerly Govlist) - 2019 - Seed,2019,Seed,https://drive.google.com/file/d/1jUWH00N-1I7SrtFkWV3HhbQYR-E5DTg2/view
Productsup,Productsup - 2022 - Series B,2022,Series B,https://drive.google.com/file/d/1pN-KeQ8ro37CJ61nVnQ-tHT47hEhqTZB/view
Prolaera,Prolaera - 2015 - Pre-Seed,2015,Pre-Seed,https://drive.google.com/file/d/1-3J7LkNatd0PtoL_tGdGJ8it_8VRjZ7u/view
Promolta,Promolta - 2014 - Seed,2014,Seed,https://drive.google.com/file/d/1nrmS4ADYwXQOcdHah5pjmKrulPm-dbIC/view
Properati,Properati - 2013 - Seed,2013,Seed,https://drive.google.com/file/d/1cGSm-sMPvcLzlAgzwUqzEXits0Ng5EGc/view
ProSky,ProSky - 2015 - Seed,2015,Seed,https://drive.google.com/file/d/1DZneQvb8oGpyIJc9tw3U_K6yAI2C1dlZ/view
Prynt,Prynt - 2014 - Pre-Seed,2014,Pre-Seed,https://drive.google.com/file/d/1prrTSBLjxCoL4zkhGtKaf28Sna_ldhGB/view
Public Goods,Public Goods - 2018 - Seed,2018,Seed,https://drive.google.com/file/d/1BNydhxYphNGptNxKTQXnLU63_S0X2YRW/view
PupBox,PupBox - 2016 - Seed,2016,Seed,https://drive.google.com/file/d/13Q8K_jn1QP36bWWDdf0uPbGslPAJkZc4/view
PurpleGo,PurpleGo - 2018 - Seed,2018,Seed,https://drive.google.com/file/d/19_8oNyr99TobPD1VuxYr1S7KhRPAH8ZS/view
Puzzlium,Puzzlium - 2014 - Seed,2014,Seed,https://drive.google.com/file/d/1iRK8KF7mcL4VRVEr522Zwf-ftzTnjbEC/view
Qualio,Qualio - 2015 - Seed,2015,Seed,https://drive.google.com/file/d/1JxbCJSQZnbqr63aJ9XVGv06423x_o46b/view
QualSights (formerly Georama),QualSights (formerly Georama) - 2011 - Pre-Seed,2011,Pre-Seed,https://drive.google.com/file/d/1qATULIKqHvYdDTwEDWqWNfjPaRSgvQG9/view
Rain,Rain - 2014 - Seed,2014,Seed,https://drive.google.com/file/d/1qIwDAjDLRo0wLjasAH_kqEqQ_IETd-Qs/view
Rakam,Rakam - 2017 - Seed,2017,Seed,https://drive.google.com/file/d/1N2WtxgwoDr2Mql7YBeG2qX9Jn8EnAojV/view
Rapa,Rapa,,,https://drive.google.com/file/d/1jQJm6M9Hj4YbjGatLzB5PbqCb27girAo/view
Rapchat,Rapchat - 2015 - Pre-Seed,2015,Pre-Seed,https://drive.google.com/file/d/1aSnaeRu7nEpu_vRTOehajwiXImIv8gJ8/view
Rapid API,Rapid API - 2016 - Seed,2016,Seed,https://drive.google.com/file/d/1JIN5g1hvYL2uv39Kh6eHb5Pm9KwANbfd/view
Raur,Raur - 2013 - Seed,2013,Seed,https://drive.google.com/file/d/1Nw0LZ0ZkakQt1N52dc46jqEPjANU0oUW/view
Raxar,Raxar,,,https://drive.google.com/file/d/1G7tBIRS2RhKaur5tMJ1yUCS5wAo45nol/view
RealAtom,RealAtom - 2017 - Pre-Seed,2017,Pre-Seed,https://drive.google.com/file/d/1RoocNGyjmFEqANBJe-xnEo2dZZrRAsjD/view
RealtyShares,RealtyShares - 2014,2014,,https://drive.google.com/file/d/11-fDzSNHB6wkN1aH5KdmGRZMbkuXVjrg/view
Rebel Girls,Rebel Girls - 2023 - Series A,2023,Series A,https://drive.google.com/file/d/1fGTXr4yn90MB1FPzlSO5SxBZFvXy8JPe/view
reDock,reDock - 2019 - Seed,2019,Seed,https://drive.google.com/file/d/1tvqQPvCXvaLnCB5lB8HHYfI187CI2OBc/view
Reesio,Reesio - 2013 - Seed,2013,Seed,https://drive.google.com/file/d/1KVG9Gn8DHES-RWhZbmwoOpZOIC-0vhM8/view
Reflect,Reflect - 2018 - Pre-Seed,2018,Pre-Seed,https://drive.google.com/file/d/1bY3nmElv_yF9sQfIroR0gHzoJ47xAqwt/view
Regard,Regard - 2017 - Seed,2017,Seed,https://drive.google.com/file/d/1MKii_i7ScKqa2SAvpjeLCboe6wgG1U10/view
RegioHelden,RegioHelden - Series B,,Series B,https://drive.google.com/file/d/1BpdexPlwcARoToRX8HtM94PAmDiw7rub/view
RemitBee,RemitBee - 2015 - Seed,2015,Seed,https://drive.google.com/file/d/1-oNZLTRaf895OQB1RN5t2s3FUL9v3lQ6/view
Renaissance,Renaissance - 2019 - Seed,2019,Seed,https://drive.google.com/file/d/14HckPvQMUQqbMBbstUoi7G_WVzNA3PE2/view
Render,Render - 2023 - Series B,2023,Series B,https://drive.google.com/file/d/1p9MKQ0Dbqa3oTMaEYwYZDp73Kz5Jyhvg/view
Renetec,Renetec - 2019 - Seed,2019,Seed,https://drive.google.com/file/d/1t_ALKyKhx7E1eNfxGL7TQMSiaeXlGXeR/view
Replit,Replit - 2016 - Seed,2016,Seed,https://drive.google.com/file/d/1_hwRxMFJ-1AEE7VhM-pZ3TCPLxPGfMgn/view
Resgrid,Resgrid - 2013 - Seed,2013,Seed,https://drive.google.com/file/d/19bEOKVkB7ZAw1AREKq793OhVpmZclxNu/view
Resonado Labs,Resonado Labs - 2018 - Pre-Seed,2018,Pre-Seed,https://drive.google.com/file/d/1Dqp0S02jga2e4YrwH_DAGsNuZgS32HMP/view
Results On Air,Results On Air - 2016 - Pre-Seed,2016,Pre-Seed,https://drive.google.com/file/d/1NIdycOeNpjHflV43gDgyrEBEGHZA8nYD/view
Rever,Rever - 2018,2018,,https://drive.google.com/file/d/1SXNT3aqPCoU-Da7IceJ6DcWQs3Kat3sY/view
Ria Health,Ria Health - 2022 - Series A,2022,Series A,https://drive.google.com/file/d/1nkX5dBegv0GZmD2cgc6Vg-EN0IeBmIR4/view
Ring,Ring - 2014 - Series A,2014,Series A,https://drive.google.com/file/d/13mx25RoN_9zgaTED5a70k3Tzce1Shw4R/view
RingCaptcha,RingCaptcha - 2012 - Seed,2012,Seed,https://drive.google.com/file/d/19BIuS4dhI_SbkcLlyb7xzmtR81zXRQGm/view
Rippling Investor Memo,Rippling Investor Memo - 2019 - Series A,2019,Series A,https://drive.google.com/file/d/1dSRwIBgc2N2mpLWVHlY0ptfAI_oXp3AF/view
Rize,Rize - 2018 - Seed,2018,Seed,https://drive.google.com/file/d/1gVsmpErbL2VOOcPjHw0DdgBcn3jv_Lay/view
Rocket Internet,Rocket Internet - 2014,2014,,https://drive.google.com/file/d/10QMijJt5-dKLcQ5-KZhbzwpKYIJHw9yj/view
RocketBolt,RocketBolt - 2013 - Seed,2013,Seed,https://drive.google.com/file/d/1V9dVBZT7x-3BjJWpSW74e6E3z6IHbsHT/view
Roho,Roho - 2016 - Seed,2016,Seed,https://drive.google.com/file/d/1zRF5OXH0MBVvFRBBb4ZANzG62uIAtOqS/view
Romit,Romit - 2015 - Seed,2015,Seed,https://drive.google.com/file/d/1DH1cftISgFRihcovDP6Rvh8Mp2zQZChk/view
Rover,Rover - 2014,2014,,https://drive.google.com/file/d/17hvGFe4YPu7PJJ7WXz3Psd6wJ8aUPDAM/view
Rovilus,Rovilus - 2019 - Pre-Seed,2019,Pre-Seed,https://drive.google.com/file/d/1CvPe-RVeN54TMdK9PRgegoLLfWXG3YsM/view
Runrun.it,Runrun.it - 2012 - Seed,2012,Seed,https://drive.google.com/file/d/1dp6cFOQESphUYhivakV-9_fyD4nCAz1c/view
SaintHarridan,SaintHarridan - 2012,2012,,https://drive.google.com/file/d/14aJhV_4hWcd4WrydnjQNUyTnrEkjwLqE/view
Sandbox VR,Sandbox VR - 2019 - Series A,2019,Series A,https://drive.google.com/file/d/1MNn3grINndT8RkO3_RBI9TqPoNbTEkod/view
Sano Genetics,Sano Genetics - 2022 - Series A,2022,Series A,https://drive.google.com/file/d/17OfKZdwvmKRiqBYXZSY-BieVLpJ0hsVw/view
Satgana,Satgana - 2022,2022,,https://drive.google.com/file/d/1EAbBYLv4lhigrQ6vujAgrrrauNL47ZLK/view
School Admissions,School Admissions,,,https://drive.google.com/file/d/1OGDXw2h6IJKS44z5qExlD60p2jEIRZaB/view
Scipher Medicine,Scipher Medicine - 2022 - Series D,2022,Series D,https://drive.google.com/file/d/1unWvb-mWYwCCpyphbCE-7CcgUBFTLa1B/view
Scopio,Scopio - 2017 - Seed,2017,Seed,https://drive.google.com/file/d/1RPXJJ_g2fQkgdkJJgCX0wXTqUnZ37qnd/view
Seat14a,Seat14a - 2013 - Seed,2013,Seed,https://drive.google.com/file/d/1yWPKsdwultmsazeU0wAMRaL0Q1GQ6jLn/view
Secureframe,Secureframe - 2022 - Series B,2022,Series B,https://drive.google.com/file/d/1Tjdr6z3SatuEjIKnfNbnGXE-WIo1wPNq/view
SempreHealth,SempreHealth - 2019 - Series A,2019,Series A,https://drive.google.com/file/d/1QeAig34gBkYg6KZUACuGAqzBLhs3R2-P/view
SendGrid,SendGrid - 2009 - Seed,2009,Seed,https://drive.google.com/file/d/1Tp1snZB7k6jrnJNiR_rkCYXFoijLHdBi/view
Sequoia,Sequoia - 2018,2018,,https://drive.google.com/file/d/1_8W3kXSBdiqe3PDDJ25cJXo8_W7203zW/view
SetScouter,SetScouter - 2013 - Pre-Seed,2013,Pre-Seed,https://drive.google.com/file/d/1HF8rfSYMmDpx0rj61uvb6lkYN-wvE7lS/view
Shakr,Shakr - 2014 - Series A,2014,Series A,https://drive.google.com/file/d/1iI4nhSOE8ib1nZJZmPe4fYp2gY_KSAQV/view
Sharebee,Sharebee - 2016,2016,,https://drive.google.com/file/d/1XrDv9eGyn85WcC6UpUDyGNpMUQFXNFvM/view
Sharesomestyle,Sharesomestyle - 2016 - Seed,2016,Seed,https://drive.google.com/file/d/1wmmK9GDbm0JLYX4qukqeyXfU1Jdbo9JQ/view
Shiplyst,Shiplyst - 2020 - Pre-Seed,2020,Pre-Seed,https://drive.google.com/file/d/16Pb05rVYVtyGjlGwjSF_1huNZmb9nWem/view
Shippo,Shippo - 2014 - Pre-Seed,2014,Pre-Seed,https://drive.google.com/file/d/1gDzvmE7-7XLkKxqEd-_JAqz0hj0GnXR4/view
Shoelace,Shoelace - 2016 - Seed,2016,Seed,https://drive.google.com/file/d/1HErO42KxiRRSgzNHSE1tyj3myozs5bov/view
Shokunin-san.com,Shokunin-san.com - 2018,2018,,https://drive.google.com/file/d/1gqYKi3MaEF3zsQ24mpOr1nj0Vf0HUi9_/view
Shopify,Shopify - 2016,2016,,https://drive.google.com/file/d/1eL48l5fYCfM5B9XEMhMz44eWZv1K53Z8/view
Shopline,Shopline - 2014 - Seed,2014,Seed,https://drive.google.com/file/d/16CKgahl34QsDhSyw642VkjZ-4j6FVmAJ/view
Shrug Capital IV,Shrug Capital IV - 2021,2021,,https://drive.google.com/file/d/1YW49hAXnb046gblquw5Rt0N8AHzs9V4y/view
SickWeather,SickWeather - 2017,2017,,https://drive.google.com/file/d/1krlLvTIuzyIi78Y8IuBIKY7CHhrpWPfF/view
Sideline Swap,Sideline Swap - 2014 - Seed,2014,Seed,https://drive.google.com/file/d/1AnF--eUED9DV2QYdOcKVzxBVaLLOUvdH/view
SilkRoad Images,SilkRoad Images - 2016 - Seed,2016,Seed,https://drive.google.com/file/d/1jdJuWwc9k7_xVZ0cGcEpyATj8XHyMxam/view
Silvernest,Silvernest - 2016 - Seed,2016,Seed,https://drive.google.com/file/d/1Lpu1hS-mYbJhWFLp3IbkyO7_CL6GfQE0/view
Simplifimed,Simplifimed - 2016 - Seed,2016,Seed,https://drive.google.com/file/d/1HQrEWm_Cm54FkMrHpNqjpnStgTfyr1bR/view
Simpliroute,Simpliroute - 2016,2016,,https://drive.google.com/file/d/1DoL4JG-nWzTB_WAOXb26UM3ZChFTojcm/view
SimplyInsight (formerly Uplette),SimplyInsight (formerly Uplette) - 2014,2014,,https://drive.google.com/file/d/1UHp6DhG0pOoGOEoqi5_Gog8EWaDcfjVx/view
Sira Medical,Sira Medical - 2019 - Seed,2019,Seed,https://drive.google.com/file/d/12gvJIpWiThyxIggXkwmiet67phdl2itv/view
Siren Care,Siren Care - 2017 - Seed,2017,Seed,https://drive.google.com/file/d/11igRvrMSoq7mqe-fz3sqFeAFrSsxHkhq/view
Skeyecode,Skeyecode - 2018,2018,,https://drive.google.com/file/d/1uGv1AGy5gYPsDv6LCL0P-BVScE_lo8lF/view
Skymind,Skymind - Series A,,Series A,https://drive.google.com/file/d/1Ipt0K8sg5TcCG16AjMSNoF497melhk-v/view
Slidebean,Slidebean - 2013 - Seed,2013,Seed,https://drive.google.com/file/d/14xb0GsQQSX_YlrNDMVAt0tZAGFjrUnTj/view
SmartHost,SmartHost - Pre-Seed,,Pre-Seed,https://drive.google.com/file/d/1OI8tJatuctfMWPt4tLzvGDQom7ZBT-cq/view
SmartRecruiters,SmartRecruiters - 2019 - Series D,2019,Series D,https://drive.google.com/file/d/1TqHigk5h0RV2ywl8gJK_4wl2ILHn2iuP/view
Snapchat,Snapchat - 2013 - Pre-Seed,2013,Pre-Seed,https://drive.google.com/file/d/1LIpCCSCxMLnQmpR1hjw9uY9FByCAXmaL/view
Snapchat,Snapchat - 2013 - Pre-Seed,2013,Pre-Seed,https://drive.google.com/file/d/1LIpCCSCxMLnQmpR1hjw9uY9FByCAXmaL/view
Snapshift,Snapshift - 2017 - Seed,2017,Seed,https://drive.google.com/file/d/1esac41gVoCTD2ERZeknU4EAxGfohIp_L/view
So Sure,So Sure - 2016 - Seed,2016,Seed,https://drive.google.com/file/d/1n5NMO1pwG3kP5c84Mqzk8bUrcyOE_4R2/view
SOFY.AI,SOFY.AI - 2019 - Seed,2019,Seed,https://drive.google.com/file/d/1gyvJekfGNnoWCu2wneT084ysShC1S8W_/view
SolChicks Pitch Deck (2022),SolChicks Pitch Deck (2022) - 2022 - Series A,2022,Series A,https://drive.google.com/file/d/1SjH0JmOehk4uS0u-0FINS5rRSifRrURl/view
Solidarium,Solidarium - 2014 - Seed,2014,Seed,https://drive.google.com/file/d/1bs75qnoI0XDw8dkXtHhZkJKOnI552dQC/view
Solo Funds,Solo Funds - 2023 - Series A,2023,Series A,https://drive.google.com/file/d/16W9D_rT8FXtE44WP2w9Q5Si9poFSh2ud/view
Sonder,Sonder - 2019 - Series D,2019,Series D,https://drive.google.com/file/d/1sQ80ZlcWThh-nS-uvAHvtYV0sKasj9Nc/view
Soundwave,Soundwave - 2013 - Series A,2013,Series A,https://drive.google.com/file/d/1MvlL6ngkNyMPpMY3HfrOpL6_EZ2lEAqq/view
Sourceeasy,Sourceeasy - 2014 - Seed,2014,Seed,https://drive.google.com/file/d/1lxWkBAcuD101FYEqujT5hD8V-I9vgfa3/view
Sparrow,Sparrow,,,https://drive.google.com/file/d/1K5rByBXcCyWUKSXVVwu_skOKHS1M41_0/view
Speedlancer,Speedlancer - 2014 - Seed,2014,Seed,https://drive.google.com/file/d/1qM9Xvo0M-IuqXaIQNv3lhWH-Y-V6cqYX/view
SportHold,SportHold - 2014 - Seed,2014,Seed,https://drive.google.com/file/d/1UqF2ROineWMWHIsdCRG7_dgyVj978T41/view
Spotify,Spotify - 2012,2012,,https://drive.google.com/file/d/12a9GLkVJ3l8g44OypiAUOndmyW_1A-TW/view
Sqoop,Sqoop - 2015 - Seed,2015,Seed,https://drive.google.com/file/d/1TlFOXMzBUmNr82eOOAbHyDNhgTzDRsMC/view
Squadle,Squadle - 2015 - Seed,2015,Seed,https://drive.google.com/file/d/1LsXapgmkFfTif0WLjoi3odFQESpHvE-O/view
Square,Square - 2012 - Series D,2012,Series D,https://drive.google.com/file/d/1LhGKWY6yjSPEIEAFLiAXXHDG0p_OemXD/view
Squire,Squire - 2022 - Series D,2022,Series D,https://drive.google.com/file/d/1frADeceoi5m--zb8mg0Go6-GoJxwTWbU/view
StackCommerce,StackCommerce - 2012 - Seed,2012,Seed,https://drive.google.com/file/d/1I8I02od1vVKNJx9lQ0rYpXQa0xEgjVPp/view
StackShare,StackShare - 2015 - Pre-Seed,2015,Pre-Seed,https://drive.google.com/file/d/1ozEBbG0pd4J7WSfl8Lflhy3YDGqj2d-a/view
Starburst,Starburst - 2022 - Series D,2022,Series D,https://drive.google.com/file/d/1JHEjbzTforOXKrP-n15r7yY6xqX66OR1/view
Statsbot,Statsbot - 2016 - Seed,2016,Seed,https://drive.google.com/file/d/17CUQcSo7z8oJr1wFXovqKsc18GTE0MvX/view
SteadyBudget (Shape Integrated Software),SteadyBudget (Shape Integrated Software),,,https://drive.google.com/file/d/1Ppjmn_nr-gRxn5ujgPgWUq0LiyaCCuyv/view
Stitch,Stitch - 2014 - Seed,2014,Seed,https://drive.google.com/file/d/1JbkO6_p3vmoesyZhv7kfhVjY3c6Fsxq4/view
Storygami,Storygami - 2015,2015,,https://drive.google.com/file/d/13IfJP919OW-wfuuM3S2ELS10qCd1QkiU/view
StreamLoan,StreamLoan - 2016 - Seed,2016,Seed,https://drive.google.com/file/d/151OGE2ytfbLiNBY4Z2_8RUBvBWfKwzAT/view
StreetHawk,StreetHawk - 2014 - Seed,2014,Seed,https://drive.google.com/file/d/1CyGgKVniyM0EPho9v4sk7u-fCrPHwpix/view
StudySoup,StudySoup - 2014 - Seed,2014,Seed,https://drive.google.com/file/d/1bbHClByaek29C_2bCTp18Vucyl6-odVs/view
Sunshine,Sunshine,,,https://drive.google.com/file/d/1TXK4E9heTztWYRnIVcx4jCB_CxCVoRD1/view
Super by Meta,Super by Meta - 2021,2021,,https://drive.google.com/file/d/1lU3azk8Nh8Im4QynzfmEMg5rKLVaEi05/view
SupplyHog,SupplyHog - 2012 - Seed,2012,Seed,https://drive.google.com/file/d/1ZA2iEu7434v8_QXdG7yYO-PuY6WZU9fo/view
SureGroup (formerly Surebids),SureGroup (formerly Surebids) - 2014,2014,,https://drive.google.com/file/d/11bwZEEV1PPY9LLWyJYtf8ZVOkZSNJdMv/view
Svastia by Cambridgene,Svastia by Cambridgene - 2019 - Seed,2019,Seed,https://drive.google.com/file/d/1UbdkdljJbdYv4hkHoKeua5znmv5uBR3E/view
Sverve,Sverve - 2013 - Seed,2013,Seed,https://drive.google.com/file/d/1yGUC_zbQ6scWgHwAXV_KTY-UYEDhQ_jp/view
SweepSouth,SweepSouth - 2016 - Seed,2016,Seed,https://drive.google.com/file/d/1TACMZ7PVZTtOBtw0nd0rt8r0ZA6I2cfN/view
Swept,Swept - 2016 - Seed,2016,Seed,https://drive.google.com/file/d/1C6uGwnz5mgs2ARNiaLBt7XrxPFBWB-NO/view
Synapse Mx,Synapse Mx - 2016 - Seed,2016,Seed,https://drive.google.com/file/d/1an-uVwC14KaKZwB3MZLXp6PIIK2nsAfW/view
T&J Designs,T&J Designs - 2016 - Pre-Seed,2016,Pre-Seed,https://drive.google.com/file/d/1Wr5c02amCbXV47b3dP1XKG51IN7t3BXM/view
Tag Monkey,Tag Monkey - 2016 - Pre-Seed,2016,Pre-Seed,https://drive.google.com/file/d/16KVUUkWFbdoyaWLGF_5bus8RyKdjwBXT/view
Tagove,Tagove - 2019 - Series A,2019,Series A,https://drive.google.com/file/d/1cJswNxyZ2N4820HQRTa4b3_o96ic56hw/view
Talentbase,Talentbase - 2015 - Seed,2015,Seed,https://drive.google.com/file/d/19JfP-pKwZxyl0NtpOHcfzu4CBXnEWhuC/view
Talkable,Talkable - 2012,2012,,https://drive.google.com/file/d/16MC2uiWgFsb_b3Xlb-LcQ3m2QEfxqApN/view
Talkdesk,Talkdesk - 2014 - Seed,2014,Seed,https://drive.google.com/file/d/1zJl2QDxuPnc7aAyY-kc-CynnDTLgnNFR/view
Tallyfy,Tallyfy - 2014 - Seed,2014,Seed,https://drive.google.com/file/d/1wP_mx07Zm-s6yd4HbC0Y8-FKJxhqMffA/view
Tamatem,Tamatem - 2013 - Seed,2013,Seed,https://drive.google.com/file/d/1jdV4drykmL4x7muYFLXR6IMB8IFh3gvw/view
Tappur,Tappur - 2014 - Seed,2014,Seed,https://drive.google.com/file/d/1d9t-UIFfU5fzfePZP5-Y2qKIjfgRElDU/view
Task.ly,Task.ly,,,https://drive.google.com/file/d/197p7Ug-dCNi9h7xhnL8rhs7pJhAbGiS_/view
Tealet,Tealet - 2013 - Seed,2013,Seed,https://drive.google.com/file/d/1n-Qan8WgSDiKpNrDXAVv1lMkIwpfa2zU/view
Teleport,Teleport - 2016,2016,,https://drive.google.com/file/d/1q8tETiUZUJ_POLYZOfpbYeyKbxRdvV6M/view
Tesla,Tesla - 2011,2011,,https://drive.google.com/file/d/1zMSECUQc24on9e4zHjC87Wm2-N40IH8J/view
The Pill Club,The Pill Club - 2016 - Pre-Seed,2016,Pre-Seed,https://drive.google.com/file/d/1iLa3g13XlRowXma_LED3nRrctWbGt8Ko/view
Theranos,Theranos - 2006 - Series C,2006,Series C,https://drive.google.com/file/d/1uCcoJs3zTL3LI3Wm03jFQsySEyM4sHMV/view
Thinknum,Thinknum - 2014 - Seed,2014,Seed,https://drive.google.com/file/d/1rg51I_l9sP6wmpk4A0Kfbi-ZGPb49BRF/view
Tinder,Tinder - 2016 - Seed,2016,Seed,https://drive.google.com/file/d/1-iy59fS9Cq30SIrd8KM1FUPB_Sskpylf/view
Tokyo Techie,Tokyo Techie - 2018 - Pre-Seed,2018,Pre-Seed,https://drive.google.com/file/d/172kuXnkxAvNwQX6tV29H5UWnkgeKU8It/view
Top Doctors,Top Doctors - 2018 - Seed,2018,Seed,https://drive.google.com/file/d/1UTD_nrlYPs1rAJ6lJZaWR2kF9Geq_19k/view
TopHatch,TopHatch - 2016 - Seed,2016,Seed,https://drive.google.com/file/d/14uUVGZRG7Lxq-1_OJl12C15Zp61Xq6RA/view
Totspot,Totspot - 2014 - Seed,2014,Seed,https://drive.google.com/file/d/1CHq5M30XDfaF5KMNfLhM52b5LgKUMYx3/view
TouristEye,TouristEye - 2011,2011,,https://drive.google.com/file/d/1sAc2jBmWEVjepokGO5UcqP8qQYlcY602/view
Trace Air,Trace Air - 2016 - Seed,2016,Seed,https://drive.google.com/file/d/1w2HfI413geOl072WpdRY08DH0OVthh7l/view
Tradespace,Tradespace - 2019 - Seed,2019,Seed,https://drive.google.com/file/d/1noHTCGmrRFqsv8eP5aXX3Rn7JXY0qZRl/view
TransferWise,TransferWise - 2012 - Seed,2012,Seed,https://drive.google.com/file/d/1OWffPMQHuCo331H24Le74A2gL0uymn89/view
Trash Warrior,Trash Warrior - 2019 - Pre-Seed,2019,Pre-Seed,https://drive.google.com/file/d/1IIuxKnCBMlxxaRcf0gVQL_lgdFNA3ZHb/view
TRDATA,TRDATA - 2012 - Seed,2012,Seed,https://drive.google.com/file/d/1C40HdXpVUJMzYuSxnQUpx4tDffok9mLp/view
TruckTrack,TruckTrack,,,https://drive.google.com/file/d/1-o_S1Pg2mEVjO-Cd82ICWoI_z4ppDxXO/view
True Care 24,True Care 24 - 2016 - Seed,2016,Seed,https://drive.google.com/file/d/1C9RX9uRS5qL2zYPhUxeH65fnYwrKnv_f/view
Trumid,Trumid - 2018 - Series C,2018,Series C,https://drive.google.com/file/d/1jaGOiCFuier5C4tMWl0Ssmv0zpyY9LUU/view
TrustCloud,TrustCloud - 2010,2010,,https://drive.google.com/file/d/1tlsIzmgQ7MEeo9zAsr-imQuhchk-x4pb/view
Tushky,Tushky - 2011 - Seed,2011,Seed,https://drive.google.com/file/d/13iBVFULhhADtDojqKIb7Dw2nvfymGIGI/view
Twilio,Twilio - 2010 - Series B,2010,Series B,https://drive.google.com/file/d/1oUF30fN8AyAkJ-u3dVzpFZHjoX_VPu5w/view
Twine,Twine - 2017 - Seed,2017,Seed,https://drive.google.com/file/d/1k0Ybk5u2G_znbfGZ3Uw553l7DhlW8Pax/view
Uber,Uber - 2008,2008,,https://drive.google.com/file/d/16vTT5tY0sB0s61iHbsQeDGsUloB1a-kr/view
uguru.me,uguru.me - 2014 - Seed,2014,Seed,https://drive.google.com/file/d/1SU6990_GLupkPmunRISpglwLlr7yT90w/view
Unicorn Skincare,Unicorn Skincare - 2017 - Seed,2017,Seed,https://drive.google.com/file/d/1wpnsBhCoVPdH98uKYGoCaj7VmAYaqQY2/view
UniPay,UniPay - 2012 - Seed,2012,Seed,https://drive.google.com/file/d/1UTdPHEZD6yJ0H45yk9T5g6opJqeZk3oQ/view
Up All Night,Up All Night - 2016 - Seed,2016,Seed,https://drive.google.com/file/d/1WuM8IjP5Le0gW7iUcEH_mOkwRKbWh1Yb/view
Urban Logiq,Urban Logiq - 2017 - Pre-Seed,2017,Pre-Seed,https://drive.google.com/file/d/1WfVnMwlVRqOwcnylTq3JE_NLSuoV6SB-/view
Usetrace,Usetrace - 2013 - Seed,2013,Seed,https://drive.google.com/file/d/1tlmpBGe-k435UGTY2VUL4noqrKu5yvow/view
Utrust,Utrust - 2017 - Seed,2017,Seed,https://drive.google.com/file/d/1QWKx01mrJWenBnO9ZhjWCWoP6YVi57Cd/view
UXCam,UXCam - 2014 - Seed,2014,Seed,https://drive.google.com/file/d/1FqoV4Gdi1LXlYwQXm_vCow28MvPeibAi/view
Vacayo,Vacayo - 2018 - Seed,2018,Seed,https://drive.google.com/file/d/1bTUbFGh-0B-VhjmT9GF0Ka964-s1Odon/view
VaiVolta,VaiVolta - 2014 - Pre-Seed,2014,Pre-Seed,https://drive.google.com/file/d/1MiKcpTmyL8IGHrbBkxS3ludYkOcd7cY2/view
Vango,Vango - 2012 - Seed,2012,Seed,https://drive.google.com/file/d/1n75qro-8TnUmRiX0KJIXK92iWuj7Ui1P/view
VCV,VCV - 2017 - Pre-Seed,2017,Pre-Seed,https://drive.google.com/file/d/1nq6E9Gv61ShYoReM758cul5zJaeEClTU/view
Venzee,Venzee - 2015 - Pre-Seed,2015,Pre-Seed,https://drive.google.com/file/d/1-n8-FffZLgkVEiVQ1uIa4ONEn3xor21c/view
Verbit,Verbit - 2019 - Series A,2019,Series A,https://drive.google.com/file/d/18wDWB-u2WMc-jkBWdSwYdBbI_LfGxWxu/view
Vessel,Vessel - 2014 - Seed,2014,Seed,https://drive.google.com/file/d/1EA__wrXXomZZfi8iCLjqFoxDynt43hFZ/view
Vettery,Vettery - 2016 - Series A,2016,Series A,https://drive.google.com/file/d/1xK6UuZ3h3Dk6kZC5xe6jm57NrgmzMJXc/view
Via Global Health,Via Global Health - 2017 - Seed,2017,Seed,https://drive.google.com/file/d/1aoCWSfqkGwO2hhSXGGe8PlSWEcFcXv58/view
Vidcaster,Vidcaster - 2014 - Series A,2014,Series A,https://drive.google.com/file/d/1qa-B8O5SguRhp8M0aY97u1Us5c3HnafS/view
VideoSelfie (formerly Unda),VideoSelfie (formerly Unda) - 2013 - Seed,2013,Seed,https://drive.google.com/file/d/1fN1z3pKPqiZ6Etk4biqOdjsv-CE9oqW0/view
ViewMarket,ViewMarket,,,https://drive.google.com/file/d/1JSjonInd1JCy6aDD7IyBzgL6QaOI6abr/view
Village Defense,Village Defense - 2014,2014,,https://drive.google.com/file/d/1e9zeF1BNqVtW1OeJ5hBg6Zn2Llq3FK9w/view
Villoid,Villoid - 2016 - Seed,2016,Seed,https://drive.google.com/file/d/1mJGvb8YQbjXN-IUI2oGRaPq6JwUks-GY/view
Virect,Virect - 2015 - Pre-Seed,2015,Pre-Seed,https://drive.google.com/file/d/1ersBYyOUxf7FY9IAJQ7EefXyefmdSL_D/view
Visabot,Visabot - 2017 - Seed,2017,Seed,https://drive.google.com/file/d/1vQa9oW5GV1QswssxameuPz4elQk7Qo6D/view
Visiblee,Visiblee - 2014,2014,,https://drive.google.com/file/d/1nHXs-cvZYLiO3uKf5rfnKBcNbS0Yi5WV/view
Visionful,Visionful - 2019 - Pre-Seed,2019,Pre-Seed,https://drive.google.com/file/d/14UyW0fkWhNpCyjjIx500Nxue-q-4MA67/view
VisionX,VisionX - 2016 - Seed,2016,Seed,https://drive.google.com/file/d/1GkAWENJs2IT8B5kKV52vCF6GAjpmS4oV/view
Voxeet,Voxeet - 2014 - Seed,2014,Seed,https://drive.google.com/file/d/1at9P1ysH9q_pKLzG-p86yHz2UzZSp6We/view
VR Motion,VR Motion - 2017 - Pre-Seed,2017,Pre-Seed,https://drive.google.com/file/d/1-HFDiOML2kemrCpGQZAbf8xaPBg3lSNL/view
Wayflyer,Wayflyer - 2020 - Series A,2020,Series A,https://drive.google.com/file/d/1q4oJ_79_YGqW8hImgYwKKDgp4nqS6ZG1/view
Waygo,Waygo - 2011 - Seed,2011,Seed,https://drive.google.com/file/d/1fhSUnMubGbw4aKJ-mmQUSARWUuJUATHx/view
Wealthsimple,Wealthsimple - 2014 - Seed,2014,Seed,https://drive.google.com/file/d/1NQ5u4F8nxkEq3HMk_uBTUtL2DAqap77r/view
WeddingLovely,WeddingLovely - Seed,,Seed,https://drive.google.com/file/d/19Wz-NdAPm9h0EAwDyiHcMYKTUhqryWPK/view
WeDidIt,WeDidIt - 2016,2016,,https://drive.google.com/file/d/1cykdz-HPZgYXQIfGCJXKyc8Q_oeoX4KK/view
WeFitter,WeFitter - 2015 - Seed,2015,Seed,https://drive.google.com/file/d/1t6io9bajnzkgA7-z1mq348auGBsVDMtW/view
WellTrack,WellTrack - 2017 - Seed,2017,Seed,https://drive.google.com/file/d/1XUQudJn-ySU3UbKpUzKOJoqI3sL2hGYG/view
WePlann,WePlann - 2014 - Seed,2014,Seed,https://drive.google.com/file/d/19HyV-CrqHfvyMIw2fpaq8pDhPxbxMmp0/view
WeTipp,WeTipp - 2017 - Pre-Seed,2017,Pre-Seed,https://drive.google.com/file/d/1TYkt8wCDZYoQ9JxomWG-fOKN8ih05FTi/view
WeWork,WeWork - 2014 - Series D,2014,Series D,https://drive.google.com/file/d/1q6RTlIQP5QdFFPsfnnD0vtOWHMVKgrKi/view
Whiplash,Whiplash - 2016 - Seed,2016,Seed,https://drive.google.com/file/d/1VUlFD77FOI1eSv2YYKGtB_QlI-M6BVpR/view
Winnie,Winnie - 2018 - Seed,2018,Seed,https://drive.google.com/file/d/1xOq1-uf88UxYz6j1TEv47g9bV-xgd7qr/view
Wise,Wise - 2020 - Series A,2020,Series A,https://drive.google.com/file/d/1KcG7PXRFNo9OxkneovC5CEyC4WDYLA8F/view
WoowUp,WoowUp - 2013,2013,,https://drive.google.com/file/d/1Qj3lqxSnrnk-ZkFjONTmg9TNLK886ER1/view
Work Genius,Work Genius - 2017 - Seed,2017,Seed,https://drive.google.com/file/d/1EDuM_xlUfn2D1Gv1IFO2WmXoSj88rScW/view
Worklete,Worklete - 2018 - Series A,2018,Series A,https://drive.google.com/file/d/1f5jnnYcHrPiE7A5ydJiD2w44ebypjpCF/view
Worthix,Worthix - 2019 - Series A,2019,Series A,https://drive.google.com/file/d/1ipb3w8pFQCGWpzqD5_0NaboDMiDl_m98/view
Wunderlist,Wunderlist - 2013 - Series B,2013,Series B,https://drive.google.com/file/d/1LdvfJp8oFjMKTO1VgTiuCC6P3UOM_zJx/view
Yalochat,Yalochat - 2018 - Seed,2018,Seed,https://drive.google.com/file/d/1D6sRvP26Cem-uZpx3ncSUMlIRjKUgKfW/view
Yammer,Yammer - 2011 - Series D,2011,Series D,https://drive.google.com/file/d/1YrIcVBGoWymnryCy2frnW2VHMlpEvLzX/view
Yaydoo,Yaydoo - 2020,2020,,https://drive.google.com/file/d/1iNai1AOd47QGOg2O37FARIyvGobISelT/view
YayPay,YayPay - 2017 - Seed,2017,Seed,https://drive.google.com/file/d/1uXYhYtuc9GzEmlR6lyt-WgYXdoIuBcGF/view
Yellowdig,Yellowdig - 2015 - Pre-Seed,2015,Pre-Seed,https://drive.google.com/file/d/1TNbtOCKsAuiiZu7rzJgDuCtSP2OcDlFB/view
YogaTrail,YogaTrail - 2014 - Seed,2014,Seed,https://drive.google.com/file/d/1PBdS5al23EfX_BxGa4yRa61O_Ph5iJYz/view
Youtube,Youtube - 2005 - Series A,2005,Series A,https://drive.google.com/file/d/1MNzj1TTFuXDYJzXyIKkSOHS8nW5908tj/view
ZendyHealth,ZendyHealth - 2012,2012,,https://drive.google.com/file/d/1wtIx55JG5ncIODjtZqpZ_mFEPY3qG2tR/view
Zentist,Zentist - 2017 - Seed,2017,Seed,https://drive.google.com/file/d/1zoAaoZviaN3eoeJxEfe4bWG_eMdk5k-J/view
Zestful,Zestful - 2019 - Seed,2019,Seed,https://drive.google.com/file/d/1oE2Fm6YtbMnRR_KfbiL5RNp4jchUNLLg/view
ZIO Studios,ZIO Studios - 2011 - Series A,2011,Series A,https://drive.google.com/file/d/14cutiTXXbyZh6601DHZzRzjKiAtnioPa/view
Zootrock,Zootrock - 2014 - Seed,2014,Seed,https://drive.google.com/file/d/1eo_t56WLOZZ5AwFCWqNK92SoDDe4qpiy/view
Zyudly labs,Zyudly labs - 2017 - Seed,2017,Seed,https://drive.google.com/file/d/17qGfD4NnYn5XkT6pGJLDT-e8U6mzHabF/view
